"timestamps_ms","ids"
2.7,1
3,0
128.2,2
136.2,1
136.4,0
145.6,1
145.8,0
258.4,2
271.4,1
271.7,0
292.6,1
292.9,0
325.6,1
325.9,0
368.4,1
368.7,0
380.5,1
380.9,0
455.6,2
470.1,1
470.3,0
537.1,2
577.9,1
578.3,0
604.8,1
605.2,0
613.2,1
613.4,0
624.6,1
624.8,0
632.9,1
633.1,0
648.3,1
648.6,0
697.7,2
765.3,1
765.6,0
822.3,1
822.6,0
880,2
897.5,1
897.8,0
966.3,1
966.6,0
1020.8,1
1021.1,0
1043.4,1
1043.6,0
1071,1
1071.4,0
1077.1,1
1077.5,0
1146.5,2
1188.7,1
1189.1,0
1211.9,1
1212.2,0
1224.3,1
1224.5,0
1272.5,2
1303.9,1
1304.3,0
1415,2
1462.5,1
1462.8,0
1478.2,1
1478.7,0
1538.1,1
1538.7,0
1546.2,1
1546.6,0
1563.3,1
1563.6,0
1573.1,1
1573.4,0
1589.4,1
1589.6,0
1605,1
1605.2,0
1610.7,1
1610.9,0
1650.7,2
1687.8,1
1688,0
1706.2,2
1726.6,1
1727,0
1748.5,1
1748.8,0
1756.2,1
1756.4,0
1764.4,1
1764.6,0
1768.7,1
1769,0
1773.4,1
1773.6,0
1796.9,1
1797.2,0
1869,1
1869.4,0
1901,2
1942.9,1
1943.3,0
2104.4,1
2104.7,0
2117.4,1
2117.6,0
2160.2,1
2160.5,0
2169,1
2169.3,0
2178.4,1
2178.6,0
2195.5,1
2195.8,0
2218.8,1
2219.1,0
2239.8,1
2240,0
2261,1
2261.3,0
2266.7,1
2267,0
2280,1
2280.3,0
2294.4,1
2294.6,0
2300.6,1
2300.8,0
2307.3,1
2307.4,0
2329.3,1
2329.5,0
2338.3,1
2338.6,0
2346.4,1
2346.7,0
2354,1
2354.2,0
2397.3,2
2421.3,1
2421.6,0
2437.1,1
2437.4,0
2445.3,1
2445.6,0
2528.3,1
2528.8,0
2536.9,1
2537.4,0
2550.9,2
2559.3,1
2559.5,0
2568.5,1
2569,0
2578.4,1
2578.8,0
2584.8,2
2592,1
2592.4,0
2606.3,2
2609.1,1
2609.5,0
2617.7,1
2618,0
2627.2,1
2627.4,0
2649.3,1
2649.9,0
2668.8,1
2669.2,0
2681.1,1
2681.4,0
2707.2,2
2718.7,1
2719,0
2725.1,1
2725.4,0
2742.3,1
2742.8,0
2750.2,1
2750.7,0
2759.3,1
2759.6,0
2778.5,2
2794,1
2794.3,0
2807.6,1
2807.8,0
2815.6,1
2815.9,0
2831.7,1
2831.9,0
2854.7,1
2855,0
2867.8,1
2868.2,0
2876.9,1
2877.2,0
2910.9,1
2911.4,0
2925,1
2925.5,0
2932.8,1
2933.2,0
2947.7,1
2948.2,0
2965.4,2
2978.6,1
2978.8,0
2988.9,1
2989.3,0
2999.4,1
2999.7,0
3013.7,1
3014.1,0
3033.5,1
3034.3,0
3046.5,1
3047,0
3069.7,3
3101.8,2
3126.7,1
3127.1,0
3145.5,1
3146,0
3165.9,1
3166.4,0
3173.5,1
3174,0
3180.9,1
3181.3,0
3204.6,3
3221.9,2
3235.7,1
3236,0
3244.4,1
3244.8,0
3264.6,3
3289.6,2
3304,1
3304.4,0
3327.8,1
3328.3,0
3358,1
3358.6,0
3382.2,1
3382.6,0
3413.6,1
3414.1,0
3440,1
3440.4,0
3451.6,1
3452.1,0
3473.7,1
3474,0
3487,1
3487.3,0
3516,1
3516.3,0
3534.5,1
3534.8,0
3588.4,1
3588.6,0
3628.3,1
3628.4,0
3723.9,1
3724.3,0
3729.7,1
3730,0
3740.7,1
3741,0
3746.8,1
3746.9,0
3811.2,1
3811.4,0
3832.8,1
3833.1,0
3853.9,1
3854.2,0
3953.6,1
3954,0
4061.1,1
4061.6,0
4070.6,1
4071,0
4085.4,1
4085.8,0
4097.4,1
4097.7,0
4109.1,1
4109.8,0
4117.3,1
4117.7,0
4129.3,1
4129.8,0
4140.9,1
4141.3,0
4147.7,1
4148.2,0
4167.1,1
4167.4,0
4199.2,3
4236.1,2
4244.6,1
4244.9,0
4252.1,1
4252.4,0
4268,1
4268.4,0
4295.8,1
4296.1,0
4305.4,1
4305.6,0
4340,1
4340.3,0
4384.4,1
4384.6,0
4409.9,1
4410.1,0
4465.8,1
4466,0
4495.3,1
4495.5,0
4660.3,1
4660.6,0
4895.9,2
4904.5,1
4904.8,0
4921,1
4921.4,0
4927.7,1
4928.1,0
4961.3,1
4962,0
4969.4,1
4969.8,0
4977,1
4977.4,0
4986.5,1
4986.8,0
5002.1,1
5002.6,0
5016.2,2
5023.3,1
5023.6,0
5030.8,1
5031.2,0
5040.6,1
5041,0
5052.3,2
5061.4,1
5061.9,0
5080.4,1
5080.5,0
5089.8,1
5090.1,0
5101,1
5101.3,0
5124.4,2
5133.1,1
5133.4,0
5139.3,1
5139.8,0
5150.3,2
5173.9,1
5174.4,0
5208.6,2
5212.9,1
5213.3,0
5222.1,1
5222.4,0
5239.1,2
5250.2,1
5250.5,0
5264.4,1
5264.8,0
5285.9,3
5323.9,2
5335,1
5335.3,0
5341.5,1
5341.8,0
5369.1,4
5387.6,3
5406.1,2
5421.5,1
5421.9,0
5556.1,1
5556.4,0
5603.8,1
5604.2,0
5631,1
5631.4,0
5699.2,1
5699.4,0
5758.4,1
5758.9,0
5811.8,1
5812.2,0
5822.1,1
5822.3,0
5827.4,1
5827.6,0
5840.3,1
5840.6,0
5890.1,1
5890.5,0
5894.1,1
5894.4,0
5903,1
5903.3,0
5974.6,2
5996.6,1
5996.8,0
6034.5,1
6034.9,0
6040.5,1
6040.8,0
6047.8,1
6048,0
6086.3,1
6087,0
6207.7,1
6208,0
6227.2,1
6227.6,0
6293.6,1
6294.1,0
6333.5,1
6333.8,0
6362.4,1
6362.8,0
6368.8,1
6369.1,0
6385.7,1
6386,0
6422.5,1
6423,0
6453,1
6453.4,0
6469.1,1
6469.4,0
6478.9,1
6479.3,0
6543.6,2
6548,1
6548.3,0
6560.3,1
6560.6,0
6569.4,2
6646.9,1
6647.3,0
6688.5,2
6701.5,1
6701.9,0
6778.6,1
6779.1,0
6803.2,1
6803.6,0
6843.6,1
6844,0
6887.8,1
6888.1,0
6923.8,1
6924.3,0
6935,1
6935.4,0
6947.3,1
6947.6,0
6993.5,2
7004,1
7004.3,0
7020.2,1
7020.4,0
7048,1
7048.3,0
7081.9,1
7082.3,0
7095.2,1
7095.4,0
7105.8,1
7106,0
7116.5,1
7116.8,0
7124.2,1
7124.4,0
7211.6,2
7236,1
7236.4,0
7247.8,1
7248.3,0
7292.6,2
7308.4,1
7308.6,0
7361,1
7361.5,0
7385.7,1
7386.2,0
7430,1
7430.4,0
7449.4,1
7449.9,0
7475.9,1
7476.5,0
7498.5,1
7498.7,0
7505.4,1
7505.6,0
7514.9,1
7515.1,0
7566.7,2
7586,1
7586.3,0
7673.8,2
7754.6,1
7755.1,0
7778.4,1
7778.7,0
7823.1,3
7847.3,2
7884.1,1
7884.4,0
7935.3,3
8049.8,2
8122.8,1
8123.1,0
8201.9,1
8202.3,0
8282.7,1
8283.3,0
8300.1,1
8300.4,0
8369.9,1
8370.2,0
8376.9,1
8377.2,0
8389.6,1
8389.9,0
8414.3,1
8414.5,0
8431.8,1
8432.2,0
8518.7,2
8555.6,1
8556,0
8622.3,1
8622.8,0
8674.8,1
8675,0
8715.1,2
8729.5,1
8729.8,0
8764.1,1
8764.4,0
8890,2
8947.5,1
8948,0
8960.5,1
8960.9,0
9011.1,1
9011.5,0
9056.3,3
9169.2,2
9246.8,1
9247.1,0
9348.4,2
9372.3,1
9372.6,0
9504.8,1
9505.4,0
9560.5,1
9560.8,0
9571.6,1
9571.9,0
9577.9,1
9578.2,0
9582.6,1
9582.8,0
9667.9,1
9668.3,0
9697,1
9697.4,0
9702.6,1
9702.9,0
9716.8,1
9717.1,0
9725.8,1
9726,0
9759.1,1
9759.6,0
9787.1,1
9787.5,0
9839.2,1
9839.6,0
9852,1
9852.6,0
9857.4,1
9857.8,0
9895.5,1
9895.9,0
9901.9,1
9902.3,0
9920.8,1
9921,0
9930.1,1
9930.3,0
9934.7,1
9934.9,0
10005.6,2
10011.8,1
10012,0
10036.5,1
10037,0
10065.7,1
10066.2,0
10102.4,1
10102.7,0
10147.8,1
10148.3,0
10219.8,2
10260.8,1
10261.1,0
10323.6,2
10343.9,1
10344.3,0
10370.8,1
10371.2,0
10462,1
10462.4,0
10494.7,1
10495.1,0
10539.2,2
10584.4,1
10584.8,0
10623.6,2
10642,1
10642.2,0
10670.8,1
10671,0
10732.6,2
10848,1
10848.6,0
10859.7,1
10860,0
10922.1,3
11062.5,2
11082.4,1
11082.7,0
11097.9,1
11098.4,0
11108.6,1
11109,0
11137,1
11137.3,0
11175.2,3
11339.9,2
11372.6,1
11373,0
11403.1,1
11403.4,0
11419,1
11419.5,0
11505.2,2
11601,1
11601.6,0
11629.4,1
11629.8,0
11638.8,1
11639.1,0
11682.5,1
11682.9,0
11706.4,1
11706.8,0
11718.8,1
11719.3,0
11751.5,2
11762,1
11762.3,0
11783.1,1
11783.5,0
11798.3,1
11798.6,0
11844.9,3
11921.2,2
11937.7,1
11938,0
11967.5,1
11967.9,0
12008.5,1
12009.1,0
12088.2,3
12160.8,2
12186.8,1
12187.3,0
12322.2,2
12351.8,1
12352,0
12429.8,2
12441.1,1
12441.5,0
12516.6,2
12553.2,1
12553.5,0
12610.3,2
12672,1
12672.4,0
12723.1,3
12787.6,2
12801.7,1
12801.9,0
12813.5,1
12813.9,0
12822,1
12822.4,0
12971.7,2
13020.8,1
13021.3,0
13077.3,1
13077.6,0
13109.2,1
13109.6,0
13148.8,1
13149.2,0
13170.4,1
13171,0
13177,1
13177.4,0
13276.4,1
13276.9,0
13313.5,1
13313.8,0
13330.3,1
13330.6,0
13353.5,2
13370,1
13370.4,0
13379.7,1
13380,0
13390.2,1
13390.6,0
13401.6,1
13402.2,0
13409.3,1
13409.8,0
13426.6,1
13427,0
13441.1,1
13441.6,0
13451.3,3
13470.2,2
13480.6,1
13480.9,0
13490.6,1
13490.9,0
13516.2,2
13531.2,1
13531.5,0
13550.6,1
13551,0
13569.3,1
13569.6,0
13605.7,1
13606,0
13615.8,1
13616.1,0
13636.9,1
13637.3,0
13667.6,1
13668.1,0
13687.6,1
13687.9,0
13695.8,1
13696.2,0
13707.2,1
13707.5,0
13734.3,1
13734.7,0
13759.9,1
13760.4,0
13768.5,1
13769,0
13779.3,1
13779.7,0
13795.9,1
13796.3,0
13807.2,1
13807.6,0
13840.2,2
13853.4,1
13853.8,0
13861.4,1
13861.6,0
13878.3,1
13878.5,0
13893.5,1
13893.8,0
13926.7,1
13927,0
13945.5,1
13945.8,0
13979.2,2
13993.1,1
13993.5,0
14044.8,1
14045.2,0
14070.6,2
14080,1
14080.5,0
14108,1
14108.4,0
14139.9,1
14140.3,0
14150.6,1
14151,0
14185.6,1
14186,0
14194,1
14194.4,0
14237.3,1
14237.5,0
14281.8,1
14282,0
14306,1
14306.2,0
14311.6,1
14312,0
14325.3,1
14325.6,0
14333.1,1
14333.3,0
14363.7,1
14364,0
14382.7,1
14383,0
14393.4,1
14393.8,0
14459.7,1
14460,0
14471.9,1
14472.3,0
14487.7,1
14488,0
14525.9,1
14526.3,0
14591.8,1
14592.2,0
14609.8,1
14610,0
14618.4,1
14618.8,0
14665,1
14665.5,0
14669.2,1
14669.6,0
14681.6,1
14682,0
14749.3,2
14763.1,1
14763.4,0
14785.3,1
14785.6,0
14818.4,3
14844.8,2
14859.5,1
14859.8,0
14868.7,1
14869,0
14898.4,2
14915.8,1
14916.2,0
14932,1
14932.4,0
14940.5,1
14940.9,0
14946.7,1
14947.1,0
14965.6,1
14965.9,0
14980.9,1
14981.3,0
15002,1
15002.5,0
15021.2,2
15035.2,1
15035.5,0
15078.9,1
15079.3,0
15088,1
15088.3,0
15095.6,1
15096,0
15121.5,2
15134,1
15134.2,0
15175.9,1
15176.4,0
15190.2,1
15190.5,0
15196.9,1
15197.2,0
15201.7,1
15201.9,0
15207.5,1
15207.9,0
15219,1
15219.4,0
15250.6,2
15290,1
15290.4,0
15301.3,1
15301.6,0
15311,1
15311.3,0
15328.9,1
15329.3,0
15351,1
15351.4,0
15364.4,1
15364.7,0
15371.9,1
15372.1,0
15379.4,1
15379.8,0
15399.6,1
15399.9,0
15421.9,1
15422.3,0
15434.3,1
15434.7,0
15444.3,1
15444.8,0
15450.5,1
15450.8,0
15457.4,1
15457.6,0
15464.5,1
15464.9,0
15530.5,2
15550.2,1
15550.5,0
15577.4,2
15594.2,1
15594.6,0
15678.5,1
15678.9,0
15687,1
15687.4,0
15705.6,1
15705.8,0
15715.8,1
15716.1,0
15732.2,1
15732.6,0
15753.8,1
15754.3,0
15779.6,1
15779.9,0
15789.2,1
15789.6,0
15824,1
15824.4,0
15828.9,1
15829.3,0
15850.8,1
15851.2,0
15868,1
15868.3,0
15890.9,1
15891.3,0
15898,1
15898.4,0
15936,1
15936.3,0
15966.1,1
15966.4,0
15977.5,1
15977.8,0
16030.2,1
16030.6,0
16088.2,1
16088.5,0
16102.7,1
16103,0
16156.3,1
16156.5,0
16209.3,1
16209.6,0
16386.4,1
,
,
,
,
,
,
,
,
,
,
16386.8,0
16419.1,1
16419.4,0
16431.4,1
16431.9,0
16443.5,1
16443.9,0
16455.8,2
16470.7,1
16471.3,0
16486,2
16498.2,1
16498.6,0
16513.8,1
16514.3,0
16526.4,2
16538.9,1
16539.3,0
16550.3,1
16550.6,0
16563.6,2
16574.3,1
16574.6,0
16589.3,2
16599.6,1
16599.8,0
16643.5,3
16667.8,2
16680.7,1
16681,0
16687,1
16687.3,0
16705.4,1
16705.8,0
16718.5,1
16719,0
16781.3,2
16788.3,1
16788.7,0
16834.4,3
16870,2
16879.3,1
16879.8,0
16887.3,1
16887.7,0
16918.3,1
16918.7,0
16941.6,3
17003.5,2
17014.3,1
17014.6,0
17032.8,1
17033.5,0
17042.5,1
17042.9,0
17064.4,1
17065,0
17101.4,3
17115.2,2
17132.5,1
17132.9,0
17163.4,3
17187.3,2
17199.8,1
17200.3,0
17217.8,2
17230.3,1
17230.8,0
17242.8,4
17279.2,3
17306,2
17319.4,1
17319.8,0
17331.1,1
17331.5,0
17342.3,1
17342.8,0
17360,1
17360.4,0
17373.8,1
17374.3,0
17396.2,1
17396.6,0
17427.1,3
17497.7,2
17509.6,1
17510,0
17550.3,1
17550.5,0
17575.6,2
17586.5,1
17586.7,0
17607.6,2
17626.3,1
17626.9,0
17648.3,2
17672.2,1
17672.8,0
17716.5,2
17735.4,1
17735.9,0
17780.6,3
17804.4,2
17817.1,1
17817.5,0
17840.5,8
17868.8,7
17896.6,6
17921.3,5
17946.6,4
17998.3,3
18037.4,2
18051.3,1
18051.7,0
18085,2
18107.9,1
18108.4,0
18132.6,3
18166.3,2
18185.2,1
18185.6,0
18216.4,3
18255.9,2
18271.8,1
18272.2,0
18295.4,1
18295.8,0
18358.3,3
18398.5,2
18436.1,1
18436.6,0
18463,2
18479.8,1
18480,0
18516.6,2
18540.8,1
18541.2,0
18565.8,1
18566.2,0
18596.1,2
18616.4,1
18616.8,0
18638.4,1
18638.8,0
18657.8,2
18683.4,1
18683.7,0
18709.5,3
18737.3,2
18765,1
18765.4,0
18803.5,2
18838.1,1
18838.7,0
18860.9,3
18888.1,2
18914.1,1
18914.5,0
18960.6,3
18985.3,2
19011.1,1
19011.4,0
19034.4,1
19034.9,0
19061.9,2
19091.3,1
19091.5,0
19112.8,1
19113.2,0
19131.8,1
19132.4,0
19158.6,2
19176.7,1
19177.2,0
19195.7,1
19196.2,0
19221.5,1
19222,0
19272.5,4
19303.5,3
19351.8,2
19364,1
19364.4,0
19387,2
19410.8,1
19411.1,0
19443.1,3
19489.3,2
19522.7,1
19523.2,0
19552.7,2
19566.8,1
19567.2,0
19581.8,1
19582.1,0
19622.1,2
19634.4,1
19634.9,0
19647.6,1
19648,0
19666.6,1
19667.1,0
19686.8,1
19687.1,0
19706,1
19706.3,0
19736.9,2
19743.3,1
19743.7,0
19772.6,1
19773,0
19787.5,1
19787.9,0
19807,3
19841,2
19863.4,1
19863.8,0
19888.7,1
19889.2,0
19905,1
19905.5,0
19915.3,1
19915.6,0
19930.8,1
19931.3,0
19958.9,2
19973.8,1
19974.1,0
20020.1,3
20085.7,2
20097,1
20097.3,0
20130.1,1
20130.4,0
20146.6,1
20146.9,0
20171.7,2
20250.8,1
20251.3,0
20258.8,1
20259.3,0
20273.5,1
20273.8,0
20315.6,1
20315.8,0
20424.3,2
20433.6,1
20433.9,0
20443.2,1
20443.5,0
20461.1,1
20461.4,0
20496.7,3
20584.8,2
20611.6,1
20611.9,0
20652.8,1
20653.3,0
20714.1,1
20714.6,0
20722.1,1
20722.4,0
20750.8,1
20751.1,0
20768.3,1
20768.6,0
20778.8,1
20779.1,0
20804.3,1
20804.6,0
20820.5,1
20820.9,0
20904.2,2
20959.7,1
20960.2,0
21131.4,1
21132,0
21168.3,1
21168.6,0
21180.3,1
21180.5,0
21192,1
21192.2,0
21258.7,2
21272.3,1
21272.6,0
21331.4,2
21338.4,1
21338.7,0
21376.9,2
21389.8,1
21390,0
21398.2,1
21398.6,0
21436.8,3
21445.5,2
21461.7,1
21462.3,0
21473.9,2
21488.1,1
21488.5,0
21499.5,2
21514,1
21514.5,0
21543.8,4
21563.4,3
21586.3,2
21614.9,1
21615.4,0
21627.5,2
21649.4,1
21649.8,0
21665.5,4
21685.5,3
21704.4,2
21720.5,1
21720.8,0
21747.8,2
21756.1,1
21756.4,0
21779.8,3
21800.3,2
21815.2,1
21815.6,0
21859.3,3
21883.6,2
21897.3,1
21897.7,0
21936.8,3
21967.2,2
21990,1
21990.5,0
22008.5,2
22029.7,1
22030.2,0
22067.3,4
22086.3,3
22104.6,2
22140.4,1
22140.9,0
22152,1
22152.4,0
22171.9,3
22210.6,2
22224,1
22224.4,0
22244.7,3
22274.8,2
22285.5,1
22285.8,0
22295.9,1
22296.3,0
22329.9,2
22347.9,1
22348.3,0
22389.5,1
22390,0
22431,3
22464.1,2
22493,1
22493.4,0
22515.8,1
22516.4,0
22548.6,2
22570.1,1
22570.4,0
22602.8,3
22635.7,2
22657.4,1
22657.8,0
22674.1,1
22674.4,0
22683.8,1
22684.2,0
22701.1,2
22719.2,1
22719.6,0
22728.9,1
22729.3,0
22750.5,1
22750.9,0
22778.5,1
22779,0
22804.1,4
22830.8,3
22871.4,2
22894.4,1
22894.8,0
22909.7,1
22910,0
22936.8,3
22975.1,2
23018,1
23018.4,0
23033.2,1
23033.7,0
23062,3
23083.7,2
23099.6,1
23099.9,0
23120.9,1
23121.4,0
23149.5,8
23167.8,7
23186.9,6
23219.2,5
23247.3,4
23268.6,3
23300.5,2
23317.8,1
23318.2,0
23336.6,5
23390,4
23424.6,3
23463,2
23480,1
23480.5,0
23494.6,1
23495,0
23512.3,1
23512.6,0
23517,1
23517.3,0
23523.1,1
23523.4,0
23538.9,3
23566.3,2
23593.2,1
23593.6,0
23606,1
23606.3,0
23615.1,1
23615.5,0
23628.4,1
23628.7,0
23637,1
23637.3,0
23660.2,2
23666.5,1
23666.8,0
23681,1
23681.4,0
23710.6,1
23711.2,0
23742.3,4
23772.4,3
23795.1,2
23808.8,1
23809.3,0
23818.9,1
23819.3,0
23849.2,2
23865.5,1
23865.9,0
23878.8,1
23879.3,0
23884.8,1
23885.2,0
23899.2,1
23899.5,0
23910.1,1
23910.4,0
23961.8,2
23970.1,1
23970.5,0
23981.1,1
23981.4,0
24020.6,2
24037.9,1
24038.2,0
24061.7,1
24062.3,0
24072.1,1
24072.6,0
24093.1,1
24093.7,0
24122.2,1
24122.7,0
24135.4,1
24135.8,0
24160.3,1
24160.7,0
24482.4,2
24519.8,1
24520,0
24546.3,3
24602.1,2
24617.2,1
24617.5,0
24625.5,3
24638.8,2
24657.4,1
24657.9,0
24671,2
24675.3,1
24675.5,0
24683.3,1
24683.6,0
24765.4,2
24888.9,1
24889.2,0
24927.8,1
24928.1,0
24945.5,1
24945.9,0
24959.4,1
24959.8,0
24969.3,1
24969.6,0
24983.6,1
24984.1,0
24994.3,1
24994.6,0
25016.1,1
25016.6,0
25029.7,2
25047.9,1
25048.2,0
25079.2,1
25079.6,0
25093.8,1
25094.4,0
25108.6,1
25109,0
25144.4,2
25155.8,1
25156.1,0
25187.5,1
25188,0
25218.6,1
25218.9,0
25229.9,1
25230.2,0
25255.3,1
25255.5,0
25293.8,1
25294.2,0
25304.8,1
25305.1,0
25321.9,1
25322.4,0
25359,2
25369.7,1
25370.1,0
25391.5,1
25392,0
25409.9,1
25410.3,0
25425.9,1
25426.3,0
25466.9,2
25485,1
25485.3,0
25498.6,1
25498.8,0
25555.7,1
25556,0
25615.4,1
25616,0
25643.1,1
25643.4,0
25652.2,1
25652.4,0
25694.8,1
25695.3,0
25715.8,1
25716,0
25734,1
25734.4,0
25756.1,2
25776.8,1
25777.2,0
25795.8,1
25796.3,0
25812.2,1
25812.6,0
25866.4,1
25866.8,0
25876.3,1
25876.8,0
25888.4,1
25888.8,0
25909,1
25909.4,0
26007.3,1
26007.6,0
26063.7,1
26064,0
26068.9,1
26069.1,0
26094,1
26094.3,0
26105.3,1
26105.6,0
26136.5,2
26140.8,1
26141.1,0
26157,1
26157.4,0
26185.8,1
26186.3,0
26206.4,1
26206.8,0
26217,1
26217.6,0
26288.9,3
26372.3,2
26387,1
26387.3,0
26447,2
26465.6,1
26465.9,0
26485,1
26485.4,0
26511.4,1
26511.8,0
26655,1
26655.3,0
26699.9,1
26700.1,0
26715.4,1
26715.7,0
26748,1
26748.2,0
26763.3,1
26763.5,0
26791.6,1
26792.2,0
26803.5,1
26803.9,0
26831.5,1
26831.8,0
26850.4,1
26850.7,0
26877.5,1
26877.9,0
26893,1
26893.3,0
26933.7,1
26934,0
26940.8,1
26941,0
26946.5,1
26946.8,0
26993.6,1
26993.8,0
27002.8,1
27003.1,0
27011.9,1
27012.1,0
27015.3,1
27015.5,0
27029.5,1
27029.8,0
27041.1,1
27041.4,0
27082.6,1
27083,0
27098.8,1
27099.2,0
27147.8,1
27148.1,0
27172,1
27172.1,0
27204.9,1
27205.2,0
27234.6,1
27235,0
27239.8,1
27240.2,0
27253,1
27253.2,0
27255.9,1
27256.1,0
27304.9,1
27305.4,0
27314.6,1
27314.8,0
27339.9,1
27340.3,0
27379.5,1
27379.8,0
27387.6,1
27388,0
27417.3,1
27417.6,0
27604,1
27604.5,0
27625.2,1
27625.6,0
27636,2
27652.2,1
27652.6,0
27675.1,2
27693.6,1
27694,0
27707.9,1
27708.3,0
27728.2,2
27740.9,1
27741.3,0
27752.5,3
27766.6,2
27782.5,1
27783,0
27794.8,1
27795.4,0
27805.8,1
27806.3,0
27823.5,1
27823.8,0
27839.1,1
27839.6,0
27860,3
27877.7,2
27889.4,1
27889.7,0
27901.2,1
27901.6,0
27927.3,3
27947.4,2
27974.4,1
27974.8,0
28004.3,3
28030.2,2
28048.5,1
28048.8,0
28086,2
28100.6,1
28101,0
28125.9,1
28126.2,0
28137.5,1
28138,0
28170.7,2
28189.7,1
28190.2,0
28206.6,2
28213.6,1
28214,0
28245.6,3
28298.1,2
28307,1
28307.4,0
28326.1,2
28338.6,1
28339,0
28360.1,2
28370.4,1
28370.8,0
28379.3,1
28379.6,0
28403.3,1
28403.6,0
28447.6,3
28468,2
28484.1,1
28484.4,0
28529,2
28539.2,1
28539.6,0
28550.4,1
28550.9,0
28568.3,2
28581,1
28581.4,0
28592,1
28592.4,0
28634.4,3
28657.3,2
28667.8,1
28668.3,0
28697.6,2
28714.7,1
28715,0
28728.4,1
28728.8,0
28734.6,1
28734.9,0
28766.3,4
28805.3,3
28831.8,2
28845.6,1
28845.9,0
28865,2
28885,1
28885.3,0
28911.9,2
28930.8,1
28931.5,0
28940.9,1
28941.2,0
28963.3,1
28963.6,0
28975.5,1
28975.8,0
29012,4
29032.9,3
29067,2
29082.4,1
29083,0
29113.4,3
29138.4,2
29155.7,1
29156,0
29176.2,2
29197.7,1
29198.3,0
29218.9,2
29240.1,1
29240.5,0
29276.7,3
29302.3,2
29330.9,1
29331.3,0
29364.9,1
29365.6,0
29393.7,4
29417.5,3
29466.3,2
29483.4,1
29483.8,0
29520.8,3
29556.8,2
29572.1,1
29572.4,0
29593.4,1
29593.9,0
29632.8,2
29662.5,1
29662.8,0
29702,4
29747.3,3
29772.8,2
29794.1,1
29794.4,0
29818.7,1
29819.2,0
29845.6,2
29876.2,1
29876.6,0
29946.3,2
29963.5,1
29963.9,0
29989.6,3
30055.2,2
30077.2,1
30077.5,0
30094.2,1
30094.6,0
30116.8,1
30117.1,0
30178.3,2
30192.3,1
30192.7,0
30233,3
30276.3,2
30300.9,1
30301.3,0
30332,3
30374.5,2
30394.3,1
30394.5,0
30410.4,1
30410.9,0
30429.7,2
30469.8,1
30470.3,0
30507.5,2
30522.5,1
30523,0
30540.9,2
30554.4,1
30554.7,0
30602.5,2
30620.5,1
30620.8,0
30640.6,1
30641,0
30654.7,1
30655.2,0
30670.2,1
30670.7,0
30714,2
30726,1
30726.3,0
30740,1
30740.3,0
30783.8,3
30807.4,2
30841.7,1
30842,0
30856.9,1
30857.4,0
30898.5,2
30918.6,1
30919,0
30948.7,2
30972.7,1
30973.1,0
31002.3,3
31042.2,2
31066,1
31066.4,0
31091.8,1
31092.4,0
31121.8,3
31152.8,2
31191.8,1
31192.4,0
31234.6,2
31257.2,1
31257.5,0
31298.1,2
31306.6,1
31306.9,0
31357.9,3
31381.8,2
31408,1
31408.7,0
31424.4,2
31462.7,1
31463.3,0
31482.3,2
31497.3,1
31497.5,0
31525.8,1
31526.2,0
31561.2,4
31582.7,3
31635.9,2
31656.6,1
31656.9,0
31673.5,3
31723,2
31749,1
31749.2,0
31780.1,1
31780.5,0
31809.6,1
31809.9,0
31837.2,1
31837.5,0
31851.1,1
31851.4,0
31883.3,1
31883.5,0
31889.3,1
31889.4,0
31902.3,1
31902.6,0
31915.9,1
31916.3,0
31939.7,2
31982.6,1
31983,0
32038.9,2
32200.6,1
32200.9,0
32314.6,1
32315,0
32344.4,1
32344.5,0
32378.9,1
32379.3,0
32403,1
32403.3,0
32431.7,1
32432,0
32481.9,2
32514.7,1
32515,0
32578.8,4
32610.3,3
32652.6,2
32667.1,1
32667.5,0
32698.4,8
32725.6,7
32771.1,6
32796.5,5
32822.5,4
32838.9,3
32859.8,2
32869.9,1
32870.3,0
32892.1,1
32892.5,0
32907.6,5
32923.4,4
,
,
,
,
,
,
,
,
,
,
32945.4,3
32978.7,2
33130.5,1
33130.8,0
33139,1
33139.3,0
33148.9,1
33149.3,0
33189.1,3
33223,2
33231.6,1
33231.9,0
33263.5,2
33290.1,1
33290.6,0
33310.4,2
33326.2,1
33326.7,0
33479,2
33518.4,1
33518.7,0
33570.9,2
33586.4,1
33586.8,0
33597.8,1
33598.3,0
33619.3,5
33658.1,4
33708.8,3
33832.1,2
33849.5,1
33849.8,0
33901.9,2
33915.5,1
33915.8,0
33944.8,3
34001.5,2
34018.5,1
34018.9,0
34027.6,1
34027.9,0
34039.5,3
34074.5,2
34088.4,1
34088.7,0
34152.8,4
34198.4,3
34286.6,2
34316.2,1
34316.4,0
34352.2,1
34352.6,0
34367,1
34367.5,0
34492.6,2
34499.5,1
34499.7,0
34578.8,2
34600.1,1
34600.5,0
34642.3,1
34642.6,0
34674,1
34674.3,0
34754.7,1
34755.2,0
34763.9,1
34764.2,0
34887,2
34959.5,1
34959.8,0
35067.3,2
35099.2,1
35099.3,0
35120.6,1
35121,0
35246.1,1
35246.5,0
35265.1,1
35265.3,0
35288.9,1
35289.3,0
35323.5,2
35331.9,1
35332.3,0
35391.4,1
35391.9,0
35471.2,1
35471.6,0
35486.7,1
35487.1,0
35507.8,1
35508,0
35597.4,4
35678.1,3
35705.6,2
35713.3,1
35713.6,0
35726.3,1
35726.6,0
35761,6
35836,5
35887.5,4
35941.1,3
36008.8,2
36019.1,1
36019.6,0
36062.1,1
36062.4,0
36070,1
36070.6,0
36086.4,3
36101.7,2
36123,1
36123.6,0
36133.9,1
36134.3,0
36180,2
36220,1
36220.3,0
36241.3,1
36241.6,0
36260.6,1
36261,0
36270,1
36270.4,0
36359.5,1
36359.9,0
36439.4,2
36449,1
36449.2,0
36472.6,1
36473,0
36497.3,1
36497.5,0
36539.2,1
36539.4,0
36561.6,1
36561.8,0
36611.5,1
36611.8,0
36704.4,1
36704.6,0
36716.8,1
36717,0
36721.2,1
36721.4,0
36779.9,1
36780.3,0
36798.6,1
36798.8,0
36802,1
36802.4,0
36869,1
36869.4,0
36951.4,1
36951.7,0
37004,1
37004.4,0
37014,1
37014.4,0
37026.8,1
37027,0
37193.4,1
37193.8,0
37198.9,1
37199.3,0
37229.3,1
37229.6,0
37253.1,1
37253.5,0
37268.1,1
37268.4,0
37282.3,1
37282.7,0
37297.6,1
37298.2,0
37316.3,1
37316.7,0
37326,1
37326.4,0
37334.7,1
37335.2,0
37372.8,1
37373.3,0
37386.3,1
37386.7,0
37406.8,1
37407.3,0
37428.6,1
37428.9,0
37453.8,1
37454.2,0
37510.8,1
37511.1,0
37539.3,1
37539.5,0
37557.2,1
37557.5,0
37566.6,1
37566.8,0
37582.3,1
37582.5,0
37589.6,1
37589.8,0
37592.8,1
37593.1,0
37615,1
37615.5,0
37651.4,2
37665.4,1
37665.7,0
37683.6,1
37684.1,0
37720.6,1
37721,0
37784,1
37784.4,0
37797.3,1
37797.5,0
37805.7,1
37805.9,0
37813,1
37813.3,0
37824.6,1
37824.9,0
38003,1
38003.3,0
38012.9,1
38013.1,0
38021.8,1
38022,0
38063.6,1
38063.9,0
38071.1,1
38071.3,0
38078.3,1
38078.5,0
38088,1
38088.3,0
38112.8,1
38113.3,0
38142.1,1
38142.6,0
38155.1,1
38155.4,0
38216.2,2
38232.6,1
38233,0
38375.6,2
38433.6,1
38433.9,0
38489.5,1
38489.9,0
38498,1
38498.2,0
38596.3,1
38596.8,0
38621.8,1
38622,0
38632.9,1
38633.1,0
38761.8,1
38762,0
38768.4,1
38768.7,0
38796.8,1
38797,0
38817.9,1
38818.1,0
38827.7,1
38828,0
38868.2,1
38868.6,0
38950.6,1
38950.9,0
38995.9,2
39014.2,1
39014.4,0
39087.8,2
39105.4,1
39105.7,0
39162.9,1
39163.4,0
39232.1,1
39232.5,0
39278.4,1
39278.9,0
39295.1,1
39295.5,0
39305.1,1
39305.4,0
39328.2,1
39328.7,0
39339.6,1
39339.9,0
39346.5,1
39346.8,0
39370.1,2
39383.8,1
39384.3,0
39396.2,1
39396.7,0
39415.5,1
39416,0
39481.7,2
39506.4,1
39507,0
39515.4,3
39530.6,2
39541.4,1
39541.8,0
39548.3,1
39548.7,0
39560.2,1
39560.7,0
39575.6,1
39576.1,0
39601.4,2
39613.3,1
39613.6,0
39625.8,1
39626.3,0
39640.3,1
39640.7,0
39665.4,2
39678.8,1
39679.1,0
39688.9,1
39689.3,0
39711.3,1
39712.1,0
39720.9,2
39739.8,1
39740.3,0
39754.6,1
39755.1,0
39763.2,1
39763.7,0
39792.2,2
39806.7,1
39807.2,0
39822.8,1
39823.5,0
39877,1
39877.3,0
39885.4,1
39885.8,0
39926.6,1
39951.3,1
39951.8,0
39962.5,1
39962.9,0
39981.6,1
39982.2,0
40005.2,1
40015.1,
40015.4,0
40029.1,1
40029.5,0
40055.7,1
40056.4,0
40084.9,2
40096.6,1
40096.9,0
40125.3,2
40136.3,1
40136.6,0
40165.8,3
40194.9,2
40208,1
40208.4,0
40224,3
40263.7,2
40283.1,1
40283.4,0
40305.5,1
40306.1,0
40328.1,2
40356,1
40356.6,0
40376.4,1
40376.9,0
40433.6,3
40463,2
40481.7,1
40482.3,0
40506.8,2
40527.3,1
40527.6,0
40554.7,2
40582.3,1
40582.7,0
40594.5,1
40595,0
40619.9,1
40620.4,0
40655.1,2
40668.4,1
40668.8,0
40698.6,1
40699,0
40711.1,1
40711.6,0
40730.2,1
40730.6,0
40738.3,1
40738.6,0
40750,1
40750.4,0
40786,2
40798.2,1
40798.6,0
40820.1,1
40820.6,0
40833.4,3
40876.3,2
40907.5,1
40908,0
40914.1,1
40914.7,0
40947.2,3
40987.4,2
41001.9,1
41002.4,0
41039.2,3
41056.4,2
41072.7,1
41073.2,0
41106.8,3
41123.4,2
41137.8,1
41138.2,0
41165.8,2
41183.4,1
41183.8,0
41197.9,1
41198.4,0
41230.6,1
41231.3,0
41260.5,2
41270.6,1
41270.8,0
41283.3,1
41283.8,0
41310.6,3
41342.5,2
41370,1
41370.7,0
41386,2
41406.7,1
41407.1,0
41429,1
41429.3,0
41441.3,1
41441.8,0
41463,1
41463.4,0
41480.4,2
41492.8,1
41493.1,0
41601,2
41624.4,1
41625,0
41647,2
41658.1,1
41658.4,0
41662.7,1
41663,0
41676.6,1
41677,0
41705.3,1
41705.7,0
41729.2,3
41790.3,2
41809.3,1
41809.8,0
41818.4,1
41818.7,0
41825.7,1
41826,0
41863.1,2
41880.8,1
41881.2,0
41905.8,2
41921,1
41921.4,0
41934.5,2
41948.3,1
41948.4,0
41989.6,2
41996.3,1
41996.6,0
42022.8,2
42041.3,1
42041.6,0
42066,1
42066.6,0
42096.6,1
42097,0
42139.7,2
42160.8,1
42161.2,0
42189.8,1
42190.4,0
42210.4,2
42219.6,1
42219.8,0
42230.1,1
42230.5,0
42249.4,1
42249.7,0
42325.3,2
42347,1
42347.4,0
42374.4,2
42393.7,1
42394.2,0
42425.6,1
42426.2,0
42491.1,2
42514.5,1
42515,0
42548.8,2
42561,1
42561.3,0
42588.7,4
42638.6,3
42663.7,2
42677.1,1
42677.3,0
42681.9,1
42682.1,0
42706,9
42732.3,8
42749.8,7
42774.6,6
42797.8,5
42830.6,4
42864.9,3
42883.6,2
42889.5,1
42889.7,0
42892.2,1
42892.3,0
42902.6,1
42902.8,0
42924.6,7
42956,6
42969.5,5
42998.3,4
43021.7,3
43051.7,2
43078.8,1
43079.3,0
43129.1,3
43167.6,2
43184.9,1
43185.2,0
43214.8,1
43215.3,0
43246,1
43246.4,0
43408.6,1
43409.2,0
43425,1
43425.6,0
43474.5,2
43488,1
43488.5,0
43515.3,2
43523.4,1
43523.8,0
43558.3,4
43652.1,3
43715.2,2
43723,1
43723.3,0
43727.9,1
43728.1,0
43735.3,1
43735.4,0
43742.3,1
43742.6,0
43884.2,1
43884.4,0
43890.2,1
43890.4,0
43901.3,1
43901.6,0
43917.2,2
44041,1
44041.3,0
44127.3,1
44127.6,0
44190.7,2
44220.7,1
44221,0
44235.8,1
44236,0
44313.9,1
44314.3,0
44338.5,1
44338.7,0
44488.3,3
44529.1,2
44592.4,1
44593,0
44718.3,1
44718.7,0
44731,1
44731.5,0
44752.1,1
44752.6,0
44763.4,1
44763.6,0
44790.2,1
44790.4,0
44990.7,1
44991,0
45035.1,1
45035.4,0
45130.2,1
45130.5,0
45160.3,1
45160.6,0
45382,2
45406.6,1
45406.9,0
45428,1
45428.4,0
45452,2
45530.1,1
45530.6,0
45551.1,3
45551.6,2
45582.5,1
45582.7,0
45621.8,1
45622.1,0
45639,2
45654.5,1
45655,0
45829.3,1
45829.5,0
45869.2,1
45869.5,0
45895.1,1
45895.4,0
45913.7,1
45914,0
45953.8,2
45985.1,1
45985.4,0
46104.4,1
46104.7,0
46316.8,1
46317.2,0
46375.9,2
46394.4,1
46394.7,0
46434.5,1
46434.9,0
46466.1,2
46478.8,1
46479.1,0
46494.6,1
46495,0
46504.8,1
46505.1,0
46692.2,1
46692.5,0
46741.3,1
46741.6,0
46758,1
46758.2,0
46790.4,1
46790.7,0
46811.8,1
46812.1,0
46820.2,1
46820.4,0
46824.7,1
46825,0
46832,1
46832.4,0
46846,1
46846.4,0
46947.5,2
47015.3,1
47015.7,0
47103.9,1
47104.2,0
47109.6,1
47109.8,0
47200.5,2
47223.5,1
47224,0
47246.6,1
47247,0
47269.8,2
47278,1
47278.3,0
47290.4,1
47290.8,0
47320.2,1
47320.5,0
47381.2,3
47472.1,2
47515.3,1
47515.6,0
47559,2
47577,1
47577.3,0
47590.6,1
47591.1,0
47598.6,1
47598.8,0
47609.1,1
47609.3,0
47614.5,1
47614.8,0
47621,1
47621.4,0
47629.7,1
47630.3,0
47661,2
47678.4,1
47678.8,0
47688.9,1
47689.3,0
47811.4,1
47812,0
47839.9,1
47840.1,0
47893.3,1
47893.6,0
47917.3,1
47917.6,0
47938,1
47938.4,0
47985.7,1
47986.1,0
47992.7,1
47992.9,0
48015.2,1
48015.4,0
48028.9,1
48029.3,0
48037.5,1
48037.8,0
48049.6,1
48050,0
48060.3,1
48060.7,0
48066.3,1
48066.7,0
48075,1
48075.4,0
48089.3,1
48089.7,0
48097.1,1
48097.5,0
48111.8,1
48112.3,0
48141.7,1
48142,0
48158,1
48158.6,0
48170,1
48170.4,0
48179.9,1
48180.2,0
48208.3,1
48208.7,0
48222.3,1
48222.6,0
48232.7,1
48233.1,0
48244.4,1
48244.8,0
48256.2,1
48256.7,0
48264.1,1
48264.5,0
48275.6,1
48276,0
48305.3,2
48310.9,1
48311.2,0
48327.6,1
48327.9,0
48352.3,1
48352.8,0
48379,1
48379.3,0
48390,1
48390.4,0
48425.4,1
48425.8,0
48432.9,1
48433.3,0
48457.4,1
48457.8,0
48465.3,1
48465.6,0
48478.6,1
48478.9,0
48514,1
48514.2,0
48551.5,1
48551.8,0
48559,1
48559.3,0
48587.8,1
48588.3,0
48625.8,1
48626.3,0
48656.3,1
48656.6,0
48669.5,1
48669.8,0
48678.6,1
48679,0
48701.8,1
48702.2,0
48720.5,1
48720.8,0
48738.4,1
48738.5,0
48746.3,1
48746.4,0
48748.8,1
48749,0
48772.8,1
48773.3,0
48795.7,1
48795.9,0
48799.7,1
48800,0
48810.9,1
48811.3,0
48864.3,1
48864.7,0
48891.4,1
48891.6,0
48920.5,1
48920.8,0
48936,1
48936.3,0
48954,1
48954.3,0
48967.4,1
48967.7,0
49006,1
49006.5,0
49021.8,1
49022.3,0
49087.6,1
49088,0
49107.7,1
49108.1,0
49144.7,1
49145,0
49159.4,1
49159.6,0
49198.6,2
49216.8,1
49217.3,0
49224.6,1
49224.9,0
49234.4,1
49234.6,0
49244.4,1
49244.8,0
49264.3,1
49264.7,0
49297.7,1
49298.1,0
49335.9,2
49346.5,1
49346.8,0
49439.8,2
49485.8,1
49486.2,0
49529.3,1
49529.8,0
49566.7,1
49567.2,0
49585.1,1
49585.6,0
49594.2,1
49594.5,0
49610,1
49610.4,0
49627.2,1
49627.4,0
49638.1,1
49638.6,0
49652.7,1
49653.3,0
49665.1,1
49665.4,0
49678.8,1
49679,0
49685.8,1
49686,0
49706.2,1
49706.6,0
49713.6,1
49714,0
49756.4,2
49808.1,1
49808.5,0
49853.8,2
49875,1
49875.3,0
49903.9,1
49904.2,0
50021,1
50021.5,0
50048.7,1
50049,0
50063.6,1
50063.9,0
50076,1
50076.2,0
50109.7,1
50110.4,0
50130.8,2
50174.2,1
50174.5,0
50185,1
50185.4,0
50204.6,1
50205,0
50224.3,1
50224.8,0
50251.6,2
50289.3,1
50289.6,0
50319.8,2
50343.4,1
50343.8,0
50364.5,1
50365.2,0
50370.9,1
50371.4,0
50381.2,1
50381.5,0
50399.3,1
50399.8,0
50420.4,2
50454.2,1
50454.7,0
50493.3,3
50522.4,2
50534.6,1
50535,0
50553.3,1
50553.7,0
50566.5,1
50566.8,0
50617,2
50630.6,1
50631,0
50649.6,2
50674.2,1
50674.7,0
50700.6,1
50701.2,0
50737.7,3
50766.8,2
50775.4,1
50775.8,0
50801.3,1
50801.7,0
50822.3,1
50822.8,0
50839,3
50862.5,2
50872.9,1
50873.3,0
50882,1
50882.4,0
50897.8,1
50898.3,0
50929.5,2
50952.8,1
50953.4,0
,
,
,
,
,
,
,
,
,
,
50969.8,1
50970.4,0
50992.8,2
51001.8,1
51002,0
51013,1
51013.3,0
51042.3,2
51052,1
51052.3,0
51070.3,2
51095.5,1
51096,0
51108.9,1
51109.4,0
51134.1,2
51165.2,1
51165.5,0
51211.3,2
51228.2,1
51228.5,0
51264.8,2
51277.4,1
51277.8,0
51309.7,2
51326.8,1
51327.3,0
51347.8,1
51348.2,0
51384.6,2
51403.2,1
51403.6,0
51421.7,1
51422,0
51448,1
51448.4,0
51468.5,5
51513.5,4
51553,3
51590.5,2
51599.8,1
51600,0
51627.2,2
51649.4,1
51649.8,0
51667.7,1
51668.3,0
51689.8,1
51690.2,0
51723.8,2
51736.9,1
51737.3,0
51752.4,1
51752.7,0
51773.2,1
51773.6,0
51801.6,1
51801.8,0
51831.3,3
51853.5,2
51897.3,1
51897.8,0
51964.5,2
51986.3,1
51986.8,0
52012.8,4
52046.2,3
52061.3,2
52074.1,1
52074.4,0
52088,1
52088.4,0
52107.3,4
52157.8,3
52179.7,2
52208.9,1
52209.5,0
52225.7,1
52226,0
52248.8,1
52249.4,0
52283.8,3
52332.3,2
52347.1,1
52347.5,0
52375.7,1
52376.4,0
52426.9,2
52449.7,1
52450,0
52528.9,2
52550.3,1
52550.6,0
52571.5,1
52571.8,0
52610.9,3
52650.7,2
52662,1
52662.2,0
52693.7,3
52743,2
52772.4,1
52772.9,0
52792.9,2
52815.8,1
52816.3,0
52828.6,1
52829,0
52903.2,3
52949.4,2
52970,1
52970.5,0
52995.4,4
53039.8,3
53060.7,2
53076,1
53076.4,0
53099.8,1
53100.1,0
53121.8,1
53122.3,0
53152,2
53170.6,1
53170.9,0
53187.3,1
53187.9,0
53216.1,1
53216.6,0
53240.4,3
53272.7,2
53310.4,1
53310.9,0
53350.3,2
53370.6,1
53370.9,0
53383.9,1
53384.4,0
53419,3
53452.3,2
53497.9,1
53498.3,0
53539.6,3
53601,2
53623.3,1
53623.8,0
53650.2,2
53672.9,1
53673.3,0
53687.4,1
53687.8,0
53706.3,1
53706.7,0
53727,1
53727.3,0
53753.9,1
53754.3,0
53819.6,1
53820.1,0
53859.4,1
53859.8,0
53881.2,1
53881.6,0
53908.3,1
53908.5,0
53912.3,1
53912.6,0
54088.6,1
54088.8,0
54104.9,1
54105.2,0
54139.8,1
54140,0
54147.6,1
54147.9,0
54162.2,1
54162.4,0
54185.4,1
54185.8,0
54198,1
54198.2,0
54212.1,1
54212.5,0
54217.5,1
54217.7,0
54382.2,1
54382.5,0
54416.7,1
54417,0
54422.6,1
54423,0
54446.4,1
54446.8,0
54452.7,1
54453,0
54468.1,1
54468.3,0
54513.6,1
54514,0
54520.3,1
54520.6,0
54528.9,1
54529.1,0
54640.4,1
54640.7,0
54679.8,1
54680.2,0
54794.4,2
54808.7,1
54809,0
54872,1
54872.5,0
54892.1,1
54892.6,0
54902.6,1
54902.8,0
54967.4,2
54982.3,1
54982.7,0
54993.3,1
54993.7,0
55016.2,3
55036.6,2
55045.4,1
55045.6,0
55052.9,1
55053.3,0
55072.8,1
55073.5,0
55080.7,1
55081,0
55114.5,2
55128.9,1
55129.4,0
55190.7,5
55208.2,4
55245.1,3
55266.8,2
55287.1,1
55287.6,0
55313.6,4
55365.6,3
55422.4,2
55458.5,1
55459,0
55476.7,1
55477.3,0
55497.7,1
55498.1,0
55546.4,1
55546.9,0
55566.4,1
55567,0
55586.3,2
55589.7,1
55589.9,0
55639.6,2
55655.8,1
55656.2,0
55688,2
55704,1
55704.5,0
55788.9,1
55789.3,0
55816.1,5
55872.5,4
55936.6,3
55998.6,2
56012,1
56012.5,0
56042.3,2
56066.8,1
56067.4,0
56076.3,1
56076.7,0
56124.7,2
56191.4,1
56191.8,0
56203.4,1
56203.6,0
56248.7,1
56249.3,0
56286,2
56290.6,1
56290.9,0
56320,2
56356.6,1
56357.2,0
56364.8,1
56365.2,0
56462,2
56469.9,1
56470.2,0
56624.4,1
56624.8,0
56657.7,1
56658.1,0
56699.3,1
56699.7,0
56793.9,1
56794.3,0
56861.8,1
56862.3,0
56929.3,1
56929.5,0
57065.2,1
57065.5,0
57154.8,1
57155,0
57196.6,1
57196.8,0
57345.8,1
57346.1,0
57354.9,1
57355.3,0
57378.4,1
57378.7,0
57440.6,2
57493.5,1
57493.8,0
57505.5,1
57505.8,0
57510.5,1
57510.7,0
57518,1
57518.5,0
57594.5,1
57595,0
57654.4,1
57654.6,0
57688.1,2
57713.2,1
57713.6,0
57741.4,1
57741.6,0
57751.8,1
57752.2,0
57770.7,1
57771.2,0
57803.8,3
57875.5,2
57901,1
57901.5,0
57990,3
58024.4,2
58037.4,1
58037.9,0
58046.3,1
58046.7,0
58056.6,1
58056.9,0
58094.9,2
58102,1
58102.4,0
58110,1
58110.4,0
58132.3,5
58175.2,4
58192.8,3
58216.6,2
58236.1,1
58236.5,0
58260.9,1
58261.3,0
58341.6,7
58359.2,6
58456.9,5
58479.3,4
58494.9,3
58616.9,2
58639.9,1
58640.3,0
58649.4,1
58649.7,0
58657.7,1
58658,0
58679,1
58679.3,0
58691.8,3
58716.1,2
58731.2,1
58731.5,0
58745.2,1
58745.6,0
58759.8,1
58760.2,0
58789.8,3
58800,2
58819.3,1
58819.7,0
58831.4,1
58831.8,0
58848.7,1
58849.2,0
58865.5,3
58882.9,2
58927.3,1
58927.6,0
59128.4,1
59128.8,0
59159.4,1
59159.8,0
59302.3,1
59302.6,0
59317.4,1
59317.8,0
59323.8,1
59324.2,0
59336.8,1
59337.1,0
59341.6,1
59341.9,0
59435.3,1
59435.5,0
59444.3,1
59444.4,0
59589,1
59589.1,0
59612.4,1
59612.6,0
59658.3,1
59658.5,0
59666,1
59666.2,0
59703.6,1
59703.9,0
59707.2,1
59707.5,0
59717,1
59717.2,0
59766.4,2
59937,1
59937.3,0
59942.8,1
59943.1,0
59971.7,1
59972.1,0
59982.8,1
59983.1,0
60006.6,2
60160.3,1
60160.5,0
60170,1
60170.2,0
60221.1,1
60221.3,0
60226.7,1
60227,0
60242.5,1
60242.7,0
60273,1
60273.3,0
60365.7,1
60365.9,0
60372,1
60372.4,0
60419,1
60419.3,0
60437.1,2
60441,1
60441.2,0
60459.4,1
60459.8,0
60469.8,1
60470.1,0
60484,1
60484.3,0
60490.3,1
60490.6,0
60506,1
60506.3,0
60524.2,1
60524.5,0
60539.1,1
60539.3,0
60578.7,2
60612.2,1
60612.4,0
60640.9,1
60641.3,0
60664.4,1
60664.8,0
60689.2,1
60689.5,0
60710.7,1
60711,0
60740.4,1
60740.6,0
60773.1,1
60773.6,0
60782.6,1
60783,0
60861,1
60861.4,0
60893.6,1
60893.9,0
60909.4,1
60909.7,0
60913.4,1
60913.6,0
60975,1
60975.5,0
61148.8,1
61149,0
61209.2,1
61209.5,0
61219.6,1
61219.9,0
61244.2,1
61244.5,0
61255.4,1
61255.7,0
61267.8,1
61268,0
61273.4,1
61273.7,0
61310.9,1
61311.2,0
61335.9,1
61336.3,0
61444.7,1
61445.1,0
61483.9,1
61484.3,0
61500.8,1
61501.1,0
61508.4,1
61508.8,0
61558.4,1
61558.7,0
61577,1
61577.4,0
61589.7,1
61589.9,0
61716.7,1
61717.1,0
61748.4,1
61748.7,0
61758.6,1
61758.8,0
61799,1
61799.4,0
61806.4,1
61806.7,0
61829,1
61829.3,0
61894.4,1
61894.8,0
61908.6,1
61908.9,0
61955.1,1
61955.3,0
62019.6,1
62020,0
62047.8,1
62048.2,0
62105.9,1
62106.4,0
62124.5,1
62124.9,0
62146.9,1
62147.2,0
62187.9,1
62188.3,0
62204.1,1
62204.4,0
62224.8,1
62225.1,0
62232.2,1
62232.4,0
62404.3,1
62404.6,0
62421.8,1
62422.2,0
62462.3,1
62462.5,0
62475.2,1
62475.4,0
62551,1
62551.4,0
62586.4,1
62586.8,0
62598.5,1
62598.8,0
62616.5,1
62616.8,0
62633.6,1
62633.8,0
62646.2,1
62646.4,0
62669.1,1
62669.3,0
62674.2,1
62674.4,0
62688.9,1
62689.1,0
62763.7,1
62764.1,0
62846.4,1
62846.6,0
62852.5,1
62852.7,0
62924.5,1
62924.8,0
62987.4,1
62987.7,0
63014.9,1
63015.2,0
63029.9,1
63030.3,0
63049,1
63049.4,0
63066.6,1
63066.8,0
63074.8,1
63075.1,0
63154.4,1
63154.7,0
63163.4,1
63163.8,0
63219.4,1
63219.6,0
63280.8,1
63281.1,0
63335.4,1
63335.7,0
63390.4,1
63390.8,0
63406.1,1
63406.4,0
63443.3,1
63443.6,0
63550.3,1
63550.6,0
63562.8,1
63563.1,0
63577.7,1
63578,0
63585.9,1
63586.3,0
63605.2,1
63605.4,0
63681.3,1
63681.6,0
63753,1
63753.5,0
63759.3,1
63759.6,0
63788.7,1
63789,0
63814.8,1
63815.1,0
63861.3,1
63861.6,0
63911.6,1
63912,0
63968.3,2
63983,1
63983.3,0
64036.8,1
64037.3,0
64181.3,1
64181.7,0
64213.4,1
64213.9,0
64244.4,1
64244.7,0
64268.8,1
64269.1,0
64274.8,1
64275.1,0
64323.8,1
64324.3,0
64413.4,1
64413.8,0
64454.1,1
64454.5,0
64555.7,1
64556.2,0
64580.1,1
64580.5,0
64623.8,2
64647.3,1
64647.7,0
64680,2
64726.8,1
64727.3,0
64777.4,1
64777.6,0
64801.8,1
64802,0
64809.3,1
64809.6,0
64814,1
64814.2,0
64922.6,1
64923.1,0
64957,1
64957.3,0
65001.6,1
65001.9,0
65076.4,1
65076.8,0
65191.5,2
65203.3,1
65203.5,0
65246.8,1
65247.1,0
65256.8,1
65257,0
65259.3,1
65259.5,0
65286.7,1
65287.1,0
65328.8,1
65329,0
65405.8,2
65426.7,1
65427,0
65537.5,1
65537.8,0
65565.1,1
65565.3,0
65596.6,1
65596.8,0
65616.8,1
65617,0
65701.3,1
65701.4,0
65755.3,1
65755.4,0
65831,1
65831.2,0
65851,1
65851.2,0
66005.3,1
66005.4,0
66057.3,2
66067.6,1
66068,0
66079.5,1
66079.9,0
66088.8,1
66089.3,0
66379.7,1
66380,0
66525.9,1
66526.4,0
66534.7,1
66535.2,0
66539.1,1
66539.4,0
66543.5,1
66543.8,0
66552.9,1
66553.3,0
66558.6,1
66558.8,0
66565.8,1
66566.2,0
66571.8,1
66572.2,0
66581.5,1
66582,0
66588.9,2
66599.9,1
66600.2,0
66608.1,1
66608.5,0
66616,2
66625.5,1
66626,0
66641.4,2
66651,1
66651.5,0
66666.1,2
66670.8,1
66671.1,0
66679.6,1
66679.9,0
66701,1
66701.5,0
66713.8,1
66714.5,0
66737.3,2
66752.2,1
66752.6,0
66762.5,1
66762.9,0
66779.8,2
66799.8,1
66800,0
66818.6,4
66862.4,3
66881.6,2
66913.2,1
66913.5,0
66923.3,1
66923.7,0
66967.6,3
66993.5,2
67009.2,1
67009.6,0
67027.5,2
67041.8,1
67042.2,0
67070.2,4
67096.4,3
67240.4,2
67338,1
67338.4,0
67355.9,1
67356.2,0
67389.4,2
67402.5,1
67402.9,0
67425.4,1
67425.8,0
67473.3,2
67482,1
67482.4,0
67511,1
67511.5,0
67522.4,1
67522.8,0
67579.7,2
67584,1
67584.3,0
67600.3,1
67600.7,0
67678.3,2
67771.4,1
67771.8,0
67787,1
67787.4,0
67827.6,3
67860.8,2
67883.8,1
67884.3,0
67902,1
67902.4,0
67948.3,2
68119.6,1
68120.2,0
68133.7,2
68149.3,1
68149.6,0
68164.2,1
68164.6,0
68180.1,1
68180.7,0
68238.2,1
68238.5,0
68306.5,3
68354.6,2
68369.4,1
68369.8,0
68402.8,1
68403.1,0
68412.5,1
68412.8,0
68489.1,2
68507.9,1
68508.1,0
68607.6,2
68687.8,1
68688.1,0
68709.6,1
68709.8,0
68726,1
68726.4,0
68774,1
68774.7,0
68782.8,1
68783.1,0
68793.3,1
68793.4,0
68855,2
68910.5,1
68910.8,0
68934.6,5
68955.4,4
68968.9,3
68985.6,2
68995.3,1
68995.6,0
69011.2,2
69028.1,1
69028.5,0
69055.5,3
69068,2
69080.2,1
69080.5,0
69096.3,3
69116.2,2
69126.4,1
69126.7,0
69166.4,3
69191.5,2
69199.7,1
69200,0
69234.7,2
69256.9,1
69257.2,0
69271.2,1
69271.6,0
69306.8,2
69320.2,1
69320.6,0
69331.4,2
69357.3,1
69357.7,0
69385.3,2
69401.9,1
69402.3,0
69443.6,2
69457.4,1
69457.8,0
69478.8,1
69479.5,0
69501.9,1
69502.3,0
69526.3,1
69526.7,0
69541.6,1
69542,0
69582.8,2
69594.8,1
69595,0
69618.7,1
69619,0
69655.5,2
69673.4,1
69673.8,0
69691.2,2
69720.8,1
69721.4,0
69734.2,2
69754.1,1
69754.6,0
69802.9,3
69853.3,2
69871.2,1
69871.5,0
69894.8,2
69904.9,1
69905.1,0
69922.3,1
69922.7,0
69947.5,2
69963.2,1
69963.6,0
69988.2,1
69988.6,0
70013.1,1
70013.6,0
70026.4,1
70027,0
70042.8,5
70061.9,4
70085.7,3
70112.2,2
70136.6,1
70137,0
70167.3,5
70189.2,4
70237.5,3
70303.6,2
70326.3,1
70326.7,0
70349.1,2
70380.4,1
70381,0
70393.3,1
70393.7,0
70439.4,2
70453.8,1
70454.1,0
70465.3,1
70465.7,0
70481.8,1
70482.1,0
70538.8,2
70557,1
70557.4,0
70576.6,1
70577,0
70592.1,1
70592.5,0
70624.7,2
70638.8,1
,
,
,
,
,
,
,
,
,
,
70639.1,0
70663.9,1
70664.3,0
70688.5,1
70689,0
70721.1,2
70727.9,1
70728.1,0
70770.4,2
70791.8,1
70792,0
70815.5,1
70815.8,0
70846.1,2
70858.4,1
70858.7,0
70873.8,1
70874.4,0
70898.3,1
70898.7,0
70908.4,1
70908.7,0
70927,2
70952.1,1
70952.6,0
70976.2,1
70976.5,0
70992.1,1
70992.4,0
71013.9,2
71047.2,1
71047.5,0
71089,2
71114.4,1
71115,0
71133,1
71133.3,0
71141,1
71141.4,0
71156.2,
71156.6,0
71185.5,1
71186,0
71223.2,2
71248.1,1
71248.4,0
71274.5,1
71274.8,0
71305.2,1
71305.5,0
71336.6,1
71337,0
71348.6,1
71349,0
71357,1
71357.3,0
71406.3,1
71406.8,0
71423.2,1
71423.5,0
71443,1
71443.4,0
71471.1,1
71471.4,0
71507.3,1
71507.7,0
71561.3,2
71591.8,1
71592.1,0
71619.2,1
71619.5,0
71652,1
71652.4,0
71671.1,1
71671.5,0
71716,1
71716.5,0
71896.6,1
71896.8,0
71992.9,1
71993.1,0
72016,1
72016.3,0
72023.8,1
72024,0
72026.6,1
72026.9,0
72055.5,1
72055.7,0
72135.4,1
72135.8,0
72174.4,1
72174.6,0
72197.5,1
72197.6,0
72203.7,1
72204,0
72212,1
72212.2,0
72218.1,1
72218.5,0
72301,1
72301.2,0
72339.6,1
72339.9,0
72349.9,1
72350.2,0
72366.4,1
72366.6,0
72374.1,1
72374.3,0
72386.1,1
72386.4,0
72551.9,1
72552.2,0
72592.3,1
72592.6,0
72620.6,1
72620.7,0
72649.2,1
72649.9,0
72664.9,1
72665.3,0
72735.7,1
72736.1,0
72775.2,1
72775.4,0
72811.3,1
72811.6,0
72841.1,1
72841.4,0
72863.1,1
72863.4,0
72879,1
72879.3,0
72986.6,1
72986.9,0
72994.3,1
72994.5,0
73005.4,1
73005.7,0
73021.9,1
73022.2,0
73034.8,1
73034.9,0
73150.9,2
73169.5,1
73169.7,0
73177.5,1
73177.7,0
73202,1
73202.4,0
73215.9,1
73216.2,0
73243.1,1
73243.3,0
73297.8,2
73346.1,1
73346.4,0
73382.7,1
73383.1,0
73405,1
73405.3,0
73430.7,1
73431,0
73488.3,2
73499.5,1
73499.9,0
73573.3,1
73573.5,0
73679.4,2
73704.1,1
73704.3,0
73719.6,1
73719.8,0
73754.4,1
73754.9,0
73809.3,1
73809.6,0
73846.2,1
73846.6,0
73903.9,2
73957.5,1
73957.8,0
73995.5,1
73996.1,0
74041.7,1
74041.9,0
74066.3,1
74066.6,0
74119.2,1
74119.6,0
74180.1,1
74180.4,0
74199.4,1
74199.7,0
74231.3,1
74231.6,0
74261.3,1
74261.5,0
74314.8,1
74315,0
74321,1
74321.3,0
74360.9,2
74371.9,1
74372.3,0
74394.2,1
74394.8,0
74415.9,2
74434.4,1
74434.8,0
74459.1,2
74476.4,1
74476.8,0
74486.8,1
74487.2,0
74504.6,1
74505.1,0
74529.3,1
74529.8,0
74548.5,2
74552.3,1
74552.6,0
74569.5,1
74569.9,0
74615.3,2
74652.4,1
74652.7,0
74681,1
74681.3,0
74705.1,1
74705.5,0
74735.9,1
74736.3,0
74758.4,1
74758.7,0
74766.4,1
74766.7,0
74781.4,1
74781.6,0
74819.7,1
74820,0
74841.4,1
74841.6,0
74865.3,1
74865.6,0
74902.8,1
74903.2,0
74930.1,1
74930.4,0
74958.9,1
74959.1,0
74964.6,1
74964.8,0
74979.8,1
74980.1,0
75003.6,2
75033.3,1
75033.7,0
75061.4,2
75080.9,1
75081.4,0
75097.3,2
75127.6,1
75128,0
75208.1,1
75208.7,0
75260.1,1
75260.4,0
75282.5,1
75283,0
75302.4,2
75324.6,1
75325,0
75400.9,2
75412.9,1
75413.2,0
75426.4,1
75426.7,0
75487,1
75487.5,0
75539.8,1
75540.1,0
75573.4,1
75573.8,0
75601.6,1
75601.9,0
75617.8,1
75618,0
75739.8,1
75740.3,0
75766.3,1
75766.6,0
75777,1
75777.5,0
75792.3,1
75792.6,0
75847,1
75847.4,0
75877.7,1
75878.6,0
75892.6,1
75892.9,0
75935,1
75935.3,0
75991.1,3
76079.5,2
76111.4,1
76111.9,0
76160.4,1
76160.9,0
76181.7,1
76182.3,0
76200.3,1
76200.7,0
76257.4,1
76257.8,0
76278.8,1
76279.3,0
76369.7,2
76384,1
76384.3,0
76415.1,2
76419.3,1
76419.6,0
76422.8,3
76464,2
76493.8,1
76494.3,0
76534.4,2
76568,1
76568.3,0
76588.3,1
76588.7,0
76609.4,1
76609.8,0
76619.6,1
76620,0
76733.1,2
76765.2,1
76765.4,0
76819,2
76829.9,1
76830.3,0
76862.9,1
76863.4,0
76872,1
76872.4,0
76932.3,1
76932.6,0
76948.6,1
76949,0
76991.8,2
77065.8,1
77066.2,0
77128.4,2
77170.9,1
77171.3,0
77183.3,1
77183.6,0
77230.2,2
77264.8,1
77265.1,0
77357.8,3
77399.1,2
77429.3,1
77429.4,0
77455.7,2
77477.4,1
77477.8,0
77527.4,1
77528,0
77535.7,1
77536,0
77576.6,2
77612.7,1
77613.3,0
77718.8,1
77719.2,0
77737.2,1
77737.4,0
77783.8,1
77784.1,0
77803.9,1
77804.2,0
77822,1
77822.4,0
77850.1,3
77886.5,2
77892.8,1
77893,0
77899.4,1
77899.8,0
77959.7,2
77977.5,1
77977.8,0
78053.8,1
78054.2,0
78110,1
78110.3,0
78208.8,1
78209.2,0
78261.2,1
78261.5,0
78322,1
78322.3,0
78338,1
78338.2,0
78344.8,1
78345,0
78383.9,1
78384.2,0
78408.3,1
78408.5,0
78455.9,2
78470.7,1
78471.3,0
78478.4,1
78478.9,0
78483.3,1
78484.1,0
78502.1,2
78505.9,1
78506.3,0
78533.5,2
78549.3,1
78549.8,0
78563.1,1
78563.8,0
78581.6,1
78582.1,0
78608.6,2
78628.3,1
78628.7,0
78653.7,2
78674.7,1
78675.2,0
78692.2,1
78692.6,0
78712.5,1
78712.9,0
78731.8,1
78732.4,0
78759.3,2
78768.8,1
78769.1,0
78799.6,1
78800,0
78808.3,1
78808.5,0
78854.2,2
78866.8,1
78867.1,0
78882.8,1
78883.3,0
78906.8,1
78907.2,0
78936.5,2
78953.5,1
78953.8,0
78982.4,4
79025.2,3
79067.6,2
79076.7,1
79077,0
79101.8,1
79102.1,0
79137.5,2
79149.5,1
79149.8,0
79162.7,1
79163.2,0
79176.5,1
79176.9,0
79194,1
79194.4,0
79209,1
79209.5,0
79223.2,1
79223.6,0
79279,2
79297.1,1
79297.4,0
79330.2,1
79330.3,0
79356.4,2
79378.7,1
79379.1,0
79415.5,1
79416,0
79426.7,1
79427.1,0
79434.4,1
79434.8,0
79454.7,1
79455,0
79481.6,1
79482.1,0
79512.8,2
79521.5,1
79521.8,0
79531.6,1
79532.1,0
79552.2,1
79552.6,0
79645.6,2
79663.9,1
79664.3,0
79678,1
79678.4,0
79684.3,1
79684.6,0
79732.8,1
79733.5,0
79757.7,2
79767.9,1
79768.2,0
79809.5,1
79810,0
79847,2
79860.5,1
79860.8,0
79879.2,1
79879.6,0
79897.7,1
79898.3,0
79922.9,1
79923.4,0
79965.4,2
79981.8,1
79982.3,0
80049.3,2
80083,1
80083.4,0
80092.6,1
80093,0
80110.6,1
80111,0
80122.3,1
80122.5,0
80160.3,2
80192.4,1
80192.7,0
80236.5,2
80246.6,1
80247,0
80294.8,1
80295.3,0
80316.6,1
80317,0
80328.9,1
80329.3,0
80331.5,1
80331.8,0
80389.7,1
80389.9,0
80442.8,1
80443,0
80527.4,1
80527.6,0
80541.4,1
80541.5,0
80726.1,1
80726.4,0
80733.3,1
80733.6,0
80772.9,1
80773.1,0
80784.6,1
80785,0
80809.7,1
80810.1,0
80823.2,1
80823.4,0
80831,1
80831.2,0
80838.1,1
80838.5,0
80848.3,1
80848.6,0
80960.3,2
80976.9,1
80977.3,0
81102.8,2
81141.9,1
81142.3,0
81200.5,1
81201,0
81206,1
81206.3,0
81259.9,1
81260.3,0
81266,1
81266.3,0
81284.4,1
81284.6,0
81289.8,1
81290.1,0
81343.1,2
81352.9,1
81353.2,0
81369.8,1
81370.1,0
81380.3,1
81380.6,0
81404.5,2
81416.6,1
81416.9,0
81441.8,1
81442.1,0
81477.1,1
81477.4,0
81484.7,1
81485,0
81563.4,2
81579.1,1
81579.5,0
81616.8,2
81628.6,1
81629,0
81648.6,1
81649,0
81708.8,2
81784,1
81784.5,0
81856.9,2
81871.7,1
81872,0
81903.4,1
81903.7,0
81912.9,1
81913.1,0
81988.3,1
81988.6,0
82038.7,1
82039.3,0
82052.8,1
82053.2,0
82061.6,1
82061.9,0
82136.5,1
82136.7,0
82149.3,1
82149.6,0
82165.5,1
82165.8,0
82241.8,1
82242.1,0
82285.5,1
82285.9,0
82339.8,1
82340,0
82360.9,1
82361.2,0
82380.9,1
82381.3,0
82413.8,1
82414.4,0
82440.2,1
82440.4,0
82457.3,1
82457.6,0
82508.8,1
82509.3,0
82547.9,1
82548.4,0
82584.2,1
82584.8,0
82594,1
82594.3,0
82633.3,1
82633.7,0
82706.1,1
82706.4,0
82713.4,1
82713.7,0
82786.4,1
82787,0
82836.1,2
82852.6,1
82852.9,0
82917.6,3
82981.2,2
82991.1,1
82991.3,0
83045.2,3
83191,2
83217.8,1
83218.2,0
83246.1,1
83246.5,0
83270.9,1
83271.3,0
83360.7,1
83361,0
83389.8,1
83390.3,0
83399.4,1
83399.8,0
83422.4,1
83422.6,0
83512.2,1
83512.4,0
83543.7,1
83544,0
83577.4,1
83577.9,0
83690.9,1
83691.3,0
83730.1,2
83785.8,1
83786,0
83828.4,1
83828.8,0
83903.4,2
83916.8,1
83917.1,0
83963.2,1
83963.5,0
83987.3,1
83987.7,0
84013.1,1
84013.4,0
84022.3,1
84022.6,0
84063.9,1
84064.2,0
84096.8,1
84097.1,0
84113,1
84113.4,0
84129.4,1
84129.7,0
84155.7,1
84156.1,0
84186,3
84247.7,2
84263.4,1
84263.6,0
84277.4,1
84277.7,0
84312.6,1
84313,0
84327.4,1
84327.9,0
84367.5,3
84394.3,2
84423.5,1
84423.9,0
84464.1,2
84483.9,1
84484.5,0
84493,2
84503.6,1
84504,0
84513.9,4
84540.6,3
84552.9,2
84559.6,1
84560,0
84585.6,2
84604.4,1
84604.8,0
84630.6,2
84641.3,1
84641.5,0
84648,1
84648.3,0
84662.4,1
84662.8,0
84673.8,1
84674.2,0
84687.9,1
84688.4,0
84703.7,1
84704.1,0
84728.6,1
84729.2,0
84745.4,2
84759,1
84759.3,0
84765.2,1
84765.6,0
84798.1,4
84826.4,3
84862,2
84872,1
84872.3,0
84898.9,2
84910.5,1
84910.8,0
84919.3,1
84919.7,0
84956.3,2
84962.5,1
84962.8,0
84973.5,1
84973.9,0
84985.6,1
84986.1,0
84995.3,1
84995.6,0
85022,2
85055,1
85055.4,0
85071.6,1
85072,0
85089.5,2
85098.4,1
85098.8,0
85128.1,2
85155.7,1
85156.2,0
85178.4,2
85197.4,1
85198.2,0
85224.6,2
85246.1,1
85246.6,0
85260.6,1
85261,0
85270,1
85270.3,0
85314.3,3
85340.2,2
85351.9,1
85352.3,0
85388.9,2
85403.2,1
85403.6,0
85412.7,1
85413.1,0
85421.4,1
85421.8,0
85448.1,1
85448.7,0
85458.6,1
85459,0
85498.6,3
85521.9,2
85536.5,1
85536.9,0
85553.7,1
85554.2,0
85566.3,3
85598.5,2
85614.9,1
85615.3,0
85622.7,1
85623.2,0
85658,2
85681.8,1
85682.3,0
85712.1,4
85748.9,3
85808.4,2
85818.9,1
85819.3,0
85830.5,3
85887.5,2
85902.6,1
85902.8,0
85918.5,1
85919.1,0
85926.5,1
85927,0
85953.4,2
85959.4,1
85959.8,0
85982.7,1
85983.3,0
85988,1
85988.4,0
85995.8,1
85996.2,0
86005.4,1
86005.8,0
86021.4,1
86021.9,0
86033.8,1
86034.2,0
86086.5,2
86114.2,1
86114.8,0
86126.4,1
86126.8,0
86142.5,3
86180.4,2
86206.6,1
86207.1,0
86223.4,1
86223.9,0
86256.5,2
86269.3,1
86269.6,0
86287.9,1
86288.4,0
86305.5,1
86306,0
86332.4,3
86382.9,2
86396,1
86396.3,0
86450.6,1
86451,0
86483.4,1
86483.8,0
86489.5,1
86489.8,0
86510.3,1
86510.9,0
86535.2,1
86535.6,0
86567.2,1
86567.5,0
86578,1
86578.4,0
86593.7,1
86594,0
86611.3,1
86611.5,0
86624.3,1
86624.6,0
86682.2,1
86682.6,0
86693.7,1
86694,0
86721.3,2
86730.3,1
86730.6,0
86746,1
86746.4,0
86757,1
86757.4,0
86806.1,1
86806.7,0
86816.5,1
86817,0
86845.8,1
86846.3,0
86863.3,1
86863.7,0
86931.3,1
86931.8,0
86951.9,1
86952.3,0
87012.6,1
87013.2,0
87044.6,1
87045,0
87056.7,1
87056.9,0
87065.4,1
87065.7,0
87086,1
87086.4,0
87154,1
87154.4,0
87176,2
87224.5,1
87224.9,0
87277.6,2
87304.4,1
87304.7,0
87318.1,1
87318.4,0
87333.9,1
87334.3,0
87512.3,1
87512.5,0
87534.4,1
87534.7,0
87538.6,1
87539,0
87553.4,1
87553.5,0
87567.9,1
87568.3,0
87575.3,1
87575.7,0
87586.8,1
87587.4,0
87597,2
87603.2,1
87603.6,0
87612.7,2
87623.8,1
87624.3,0
87631.7,1
,
,
,
,
,
,
,
,
,
,
87632.1,0
87639.2,2
87650.6,1
87650.9,0
87654.8,1
87655.3,0
87669.1,2
87678,1
87678.5,0
87683.1,1
87683.5,0
87705.2,3
87724.1,2
87739.8,1
87740.6,0
87745.3,2
87752,1
87752.4,0
87773.5,2
87914.7,1
87915.1,0
87922.9,1
87923.3,0
87992.5,1
87992.8,0
88012.3,2
88023.3,1
88023.6,0
88032.1,1
88032.4,0
88040.4,1
88040.9,0
88048.4,1
88049,0
88057.6,2
88066.6,1
88066.9,0
88083.8,2
88091.3,1
88091.9,0
88097.6,2
88106.4,1
88106.8,0
88110.5,1
88110.8,0
88124.3,2
88134.4,1
88134.8,0
88144.6,1
88145,0
88164.4,2
88178.3,1
88178.8,0
88201.4,2
88212,1
88212.4,0
88341.9,1
88342.3,0
88406.1,1
88406.5,0
88427,1
88427.7,0
88450,2
88455.9,1
88456.3,0
88462.3,1
88462.8,0
88474.2,1
88474.6,0
88487.2,3
88497.6,2
88504.1,1
88504.5,0
88510.2,1
88510.5,0
88528.3,2
88536.2,1
88536.6,0
88552.9,2
88559.5,1
88560,0
88573.2,1
88573.8,0
88579.5,2
88588.5,1
88588.8,0
88596.3,1
88596.6,0
88613.4,2
88627.6,1
88627.9,0
88636.2,1
88636.4,0
88639.6,1
88640,0
88717.1,1
88717.4,0
88781.4,2
88794.3,1
88794.6,0
88799.7,1
88800.2,0
88811.6,1
88812.1,0
88819.8,1
88820.3,0
88827.6,1
88828.1,0
88836.3,1
88837,0
88844,1
88844.4,0
88851.1,1
88851.6,0
88864.6,1
88865.4,0
88870.9,2
88883.5,1
88883.9,0
88892.7,1
88893.1,0
88904,1
88904.4,0
88914.4,2
88918.8,1
88919.1,0
88928.1,1
88928.8,0
88936.9,1
88937.5,0
88953.4,1
88954,0
88957.6,1
88958,0
89004.8,2
89017.6,1
89017.9,0
89029.7,1
89030.3,0
89093.4,1
89093.7,0
89104.4,1
89104.6,0
89110.5,1
89110.8,0
89116,1
89116.4,0
89126.4,1
89126.8,0
89136.8,1
89137.2,0
89155,1
89155.4,0
89168.1,1
89169,0
89174.5,1
89174.7,0
89191.4,1
89191.7,0
89198.9,1
89199.2,0
89203.8,1
89204.1,0
89210.6,1
89210.8,0
89216.9,1
89217.3,0
89223.8,1
89224.2,0
89253.7,2
89273,1
89273.5,0
89280.5,1
89280.9,0
89292.3,1
89292.5,0
89307.3,1
89307.5,0
89312.4,1
89312.8,0
89340.5,2
89370.7,1
89371.1,0
89392.2,1
89392.7,0
89531.7,2
89558.8,1
89559.1,0
89602,2
89627.7,1
89628.2,0
89633.4,1
89634,0
89668.8,3
89707.1,2
89882.7,1
89883.1,0
89894.4,1
89894.9,0
89916.2,1
89916.6,0
89938.3,1
89938.6,0
89947.5,1
89947.8,0
89965.4,1
89965.7,0
89986.5,1
89987.1,0
90013.2,1
90013.7,0
90053.3,1
90053.7,0
90094.4,1
90094.8,0
90123.6,1
90123.8,0
90166.3,1
90166.8,0
90188.8,1
90189.3,0
90220,1
90220.5,0
90290.7,2
90308.3,1
90308.8,0
90358.1,2
90415.4,1
90415.8,0
90427,1
90427.4,0
90457.3,2
90466.3,1
90466.6,0
90473,1
90473.6,0
90482.4,1
90482.9,0
90494.3,1
90494.6,0
90509.4,1
90509.9,0
90519.6,1
90520,0
90524.2,1
90524.6,0
90563.6,3
90590.1,2
90610,1
90610.3,0
90629,2
90661.7,1
90662.1,0
90684.1,2
90702,1
90702.4,0
90721,1
90721.4,0
90732.3,1
90732.7,0
90748,1
90748.4,0
90767,2
90779,1
90779.4,0
90793.9,1
90794.9,0
90901.6,1
90902,0
90942.9,1
90943.5,0
90963.1,1
90963.5,0
90979.3,1
90979.6,0
91006.8,1
91007.4,0
91017.3,1
91017.8,0
91041.6,1
91042,0
91058.7,2
91087,1
91087.6,0
91129.9,1
91130.4,0
91167.2,1
91167.6,0
91214,1
91214.5,0
91229.6,1
91230.1,0
91263.2,1
91263.5,0
91292.9,1
91293.3,0
91311.3,1
91311.7,0
91360.4,1
91360.8,0
91392.1,3
91454.8,2
91470.3,1
91470.7,0
91491.7,1
91492,0
91520.5,1
91521,0
91549,2
91575.3,1
91575.8,0
91598.6,1
91599,0
91613.2,1
91613.5,0
91631.2,1
91631.5,0
91719.1,4
91751.8,3
91773.4,2
91801.1,1
91801.6,0
91828.7,6
91844.1,5
91862.8,4
91889.7,3
91913.6,2
91942.5,1
91943,0
91966.9,3
91992.9,2
92011.1,1
92011.5,0
92048.9,4
92079.4,3
92108.8,2
92139.2,1
92139.6,0
92159.8,1
92160.3,0
92175.4,2
92200.8,1
92201.3,0
92241.3,4
92277.5,3
92311.3,2
92325.7,1
92326.1,0
92390.4,2
92416.3,1
92416.6,0
92438.4,1
92438.8,0
92451.9,1
92452.3,0
92496.8,2
92519.9,1
92520.4,0
92545.2,1
92545.7,0
92580,1
92580.4,0
92623.5,1
92624,0
92633.3,1
92633.8,0
92653.3,2
92675.5,1
92676,0
92710.9,2
92729.4,1
92729.8,0
92779.1,3
92808.9,2
92822.4,1
92822.8,0
92847.7,1
92848.1,0
92860.8,2
92893.8,1
92894.2,0
92942.4,2
92972.5,1
92973.2,0
92985.6,1
92986.1,0
93036.4,3
93070.1,2
93117.6,1
93118.1,0
93143.2,3
93182.8,2
93214.6,1
93215,0
93262.1,1
93262.6,0
93282.9,3
93315.6,2
93343.8,1
93344.3,0
93385.6,2
93400.9,1
93401.3,0
93446.2,2
93467.8,1
93468.1,0
93515.1,2
93531.9,1
93532.3,0
93556.2,1
93556.7,0
93576.6,1
93577,0
93599,1
93599.4,0
93636.4,2
93652.7,1
93653.1,0
93664.2,1
93664.5,0
93679.4,1
93679.8,0
93707.2,2
93721.2,1
93721.5,0
93757.4,1
93757.9,0
93787.3,2
93820.3,1
93821,0
93846.4,2
93877.4,1
93878,0
93933.2,3
93960.2,2
93978.9,1
93979.2,0
94006.6,1
94007.2,0
94032.4,3
94054.1,2
94089,1
94089.5,0
94120.5,2
94144.6,1
94144.9,0
94176,1
94176.5,0
94196.4,5
94235.9,4
94279.4,3
94309,2
94334.8,1
94335.3,0
94351.7,1
94352.3,0
94417.1,2
94435.4,1
94435.8,0
94479.7,3
94504.9,2
94537.9,1
94538.3,0
94581.8,2
94598,1
94598.3,0
94650.6,3
94696.9,2
94721.8,1
94722.2,0
94745.4,1
94745.8,0
94777.7,2
94809.3,1
94809.8,0
94842.4,1
94842.8,0
94871.3,2
94915.9,1
94916.3,0
94941,2
94986.8,1
94987.3,0
95034.7,3
95113.3,2
95155.3,1
95155.6,0
95194.8,2
95203.8,1
95204.1,0
95224,1
95224.5,0
95239,1
95239.6,0
95249.3,1
95249.6,0
95288.4,1
95288.8,0
95303.1,1
95303.4,0
95325.7,1
95326,0
95344,1
95344.4,0
95367.6,1
95368,0
95389.9,1
95390.3,0
95411.4,1
95411.9,0
95457.8,1
95458.1,0
95565.3,1
95565.7,0
95593.5,1
95593.8,0
95610.3,1
95610.6,0
95621.5,1
95621.7,0
95647,1
95647.5,0
95675.7,3
95697.2,2
95704.8,1
95705.1,0
95728.3,1
95728.6,0
95760.4,1
95760.9,0
95769,1
95769.5,0
95777.9,1
95778.3,0
95821.3,2
95848,1
95848.6,0
95882.8,6
95907.8,5
95943,4
95968.4,3
95999.8,2
96012.5,1
96013.1,0
96041.9,3
96082,2
96106.6,1
96106.9,0
96131.7,2
96152.9,1
96153.3,0
96180.1,2
96189.8,1
96190.1,0
96223.6,2
96252.8,1
96253.2,0
96294.7,2
96313.4,1
96313.7,0
96344.1,1
96344.6,0
96377.5,6
96408.1,5
96457.4,4
96485.4,3
96518.7,2
96557.7,1
96558.2,0
96582.6,1
96583.1,0
96624.2,2
96654.8,1
96655.3,0
96678.1,3
96721.4,2
96748.1,1
96748.6,0
96778.7,2
96796,1
96796.4,0
96842.5,2
96871.6,1
96872.1,0
96885.8,2
96910.7,1
96911.1,0
96956.5,2
96979.1,1
96979.6,0
96994.1,1
96994.5,0
97047.3,3
97084.3,2
97095.4,1
97095.7,0
97185.9,2
97208.4,1
97208.9,0
97232.8,1
97233.3,0
97254.2,2
97278.1,1
97278.5,0
97304.4,1
97304.9,0
97310.7,1
97311.1,0
97330.3,1
97330.7,0
97352.5,1
97353.1,0
97385.5,2
97407.9,1
97408.3,0
97434.2,5
97476.6,4
97521.9,3
97559.6,2
97587.2,1
97587.4,0
97611.3,1
97611.6,0
97666.9,2
97697.8,1
97698.1,0
97714.6,2
97734.6,1
97735,0
97785,3
97824.9,2
97854.8,1
97855.2,0
97890.7,3
97907.9,2
97921,1
97921.3,0
97936,1
97936.3,0
97986.5,3
98015.6,2
98024.6,1
98024.8,0
98055.5,1
98055.9,0
98096.7,2
98116.4,1
98116.9,0
98152.5,3
98183.4,2
98207.6,1
98207.8,0
98232.2,2
98242.5,1
98242.9,0
98291,2
98304.3,1
98304.6,0
98335.3,2
98351.8,1
98352.2,0
98370.5,1
98370.8,0
98428.2,2
98452.4,1
98453,0
98491,1
98491.6,0
98512.8,2
98529.6,1
98529.8,0
98549.9,1
98550.2,0
98575.6,1
98576,0
98592,5
98625.2,4
98669.4,3
98711.8,2
98747.4,1
98747.7,0
98770.1,1
98770.4,0
98802.2,1
98802.5,0
98841,1
98841.3,0
98945.4,1
98945.7,0
99208.5,1
99208.8,0
99212.3,1
99212.7,0
99244.8,1
99245.3,0
99256.4,1
99256.9,0
99264.8,1
99265.1,0
99282.2,1
99282.5,0
99336.2,1
99336.7,0
99354.4,1
99354.8,0
99395.2,1
99395.6,0
99451.1,1
99451.4,0
99545.4,2
99575.5,1
99575.8,0
99580.6,1
99581,0
99586.9,1
99587.2,0
99595.1,1
99595.3,0
99624.4,1
99624.8,0
99633.2,1
99633.6,0
99675.4,1
99675.8,0
99683.9,1
99684.1,0
99785.6,2
99803.8,1
99804,0
99899.8,1
99900.3,0
99912.4,1
99912.6,0
99944.3,1
99944.5,0
100000.1,1
100000.4,0
100004.7,1
100005,0
100012.4,1
100012.6,0
100139,2
100179.6,1
100179.9,0
100273.7,1
100274.3,0
100278.9,1
100279.3,0
100285.4,1
100285.7,0
100321,1
100321.3,0
100351.8,1
100352.2,0
100426,1
100426.4,0
100439.3,1
100439.6,0
100457.9,1
100458.2,0
100469.7,1
100470,0
100488.7,1
100489.2,0
100532.3,1
100532.8,0
100546.8,1
100547.2,0
100568.8,1
100569.1,0
100594.8,1
100595.2,0
100622.5,1
100622.8,0
100728.5,2
100848.3,1
100848.6,0
100853.1,1
100853.5,0
100879.6,1
100880,0
100885.7,1
100885.9,0
100891.8,1
100892.1,0
100933,1
100933.3,0
100958.4,1
100958.9,0
100993,1
100993.4,0
101004,1
101004.4,0
101009.6,1
101009.9,0
101014.4,1
101014.8,0
101025.8,1
101026.1,0
101120.8,1
101121.1,0
101150.6,1
101151,0
101166.5,1
101166.8,0
101168.4,1
101168.7,0
101210.2,1
101210.4,0
101215.2,1
101215.5,0
101239.5,1
101239.7,0
101263.2,1
101263.5,0
101269.4,1
101269.6,0
101361.6,1
101361.8,0
101403.1,1
101403.3,0
101431.4,1
101431.8,0
101486.3,1
101486.6,0
101504.9,1
101505.1,0
101524.8,1
101525.1,0
101568.6,1
101568.7,0
101630.7,1
101631,0
101641.5,1
101641.8,0
101709.3,1
101709.8,0
101840.6,1
101841,0
101850.6,1
101850.9,0
101869.3,1
101869.6,0
101912.2,1
101912.4,0
102109.8,1
102110.2,0
102181.6,1
102181.9,0
102230.5,1
102230.9,0
102258,1
102258.2,0
102362.9,1
102363.3,0
102373.8,1
102374.1,0
102377.6,1
102378,0
102446.7,1
102447,0
102527,1
102527.5,0
102536.9,1
102537.3,0
102546.7,1
102547,0
102655.4,1
102655.9,0
102675.8,1
102676,0
102685.2,1
102685.6,0
102698.6,1
102698.9,0
102767.5,1
102767.8,0
102776.5,1
102776.9,0
102826.6,1
102827,0
102855,1
102855.4,0
102867.6,1
102867.9,0
103004.7,2
103009.3,1
103009.6,0
103034.6,1
103034.9,0
103064.6,1
103064.9,0
103091.7,1
103092,0
103177.4,1
103177.8,0
103187.6,1
103187.9,0
103233,1
103233.4,0
103245.8,1
103246.1,0
103271.5,1
103271.7,0
103282.4,1
103282.7,0
103349.8,2
103365.7,1
103366,0
103395.6,1
103396,0
103401.2,1
103401.6,0
103408.4,1
103408.6,0
103507,1
103507.4,0
103593.3,2
103664,1
103664.4,0
103714,1
103714.4,0
103724.3,1
103724.6,0
103758.6,1
103759,0
103796.7,1
103797,0
103840.8,1
103841.3,0
103855.9,1
103856.1,0
103974.5,1
103975,0
104015.6,2
104026.5,1
104026.8,0
115130.1,2
115134.5,1
115134.8,0
115151.6,1
115151.9,0
115294.3,1
115294.7,0
115322,1
115322.5,0
115377.5,1
115377.8,0
115384.4,1
115384.7,0
115407.5,1
115407.8,0
115426.6,1
115427,0
115455.6,1
115456.3,0
115487.6,1
115487.9,0
115492.6,1
115492.9,0
115504.8,1
115505,0
115525.1,1
115525.6,0
115586.3,2
115622.4,1
115622.6,0
115633,1
115633.4,0
115648,1
115648.2,0
115685.8,1
115686.1,0
115724.3,2
115732,1
115732.3,0
115754.8,1
115755.2,0
115801.3,2
115814,1
115814.3,0
115818.8,1
115819.1,0
115854.6,2
115892.6,1
115892.9,0
115903.4,1
115903.6,0
115914.2,1
115914.5,0
,
,
,
,
,
,
,
,
,
,
115927.1,1
115927.4,0
115938,1
115938.2,0
115947.4,1
115947.8,0
115964.6,1
115965,0
115988.4,1
115988.9,0
115996,1
115996.3,0
116033.7,1
116034,0
116052,1
116052.3,0
116066.2,1
116066.4,0
116118.4,2
116126.3,1
116126.6,0
116349.2,4
116427.8,3
116500.4,2
116509.6,1
116509.9,0
116577.7,2
116588.4,1
116588.7,0
116595.3,1
116595.6,0
116675.8,1
116676.3,0
116683.6,1
116683.9,0
116699.3,1
116699.6,0
116849,1
116849.5,0
116889.8,2
116906.7,1
116907.1,0
116968.3,3
117058.2,2
117084.1,1
117084.4,0
117097.6,1
117097.9,0
117188.3,2
117199.6,1
117199.9,0
117212.9,1
117213.4,0
117229.9,2
117243.9,1
117244.4,0
117254.9,1
117255.5,0
117267.1,2
117276.5,1
117276.8,0
117294.5,2
117300.7,1
117301,0
117304.7,1
117305.2,0
117316.3,3
117337.7,2
117538.8,1
117539.1,0
117561.9,1
117562.3,0
117573.9,1
117574.3,0
117611.9,1
117612.4,0
117665.6,1
117666.1,0
117711.9,1
117712.3,0
117878,1
117878.4,0
117904.2,1
117904.6,0
117923,1
117923.4,0
117936.7,1
117937.2,0
117944.7,1
117945.1,0
117952.9,1
117953.2,0
117962.4,1
117962.8,0
117976.6,1
117977,0
117994,2
118007.9,1
118008.3,0
118025.4,2
118037.1,1
118037.4,0
118062.1,2
118077.2,1
118077.6,0
118105.4,2
118315.8,1
118316.3,0
118341.8,1
118342.1,0
118357.6,1
118357.8,0
118369.8,1
118370.1,0
118394.6,1
118395,0
118413.8,1
118414.1,0
118442,1
118442.6,0
118454.7,1
118455.1,0
118464.6,1
118465,0
118476.6,1
118476.9,0
118481.3,1
118481.6,0
118494,2
118514.8,1
118515.3,0
118529,1
118529.4,0
118534,1
118534.3,0
118551.9,1
118552.4,0
118580.8,1
118581.3,0
118594.5,2
118615.6,1
118616,0
118635,1
118635.5,0
118647.3,1
118647.8,0
118661.4,1
118661.9,0
118671.5,1
118671.8,0
118683,1
118683.4,0
118707,1
118707.5,0
118743.8,2
118773,1
118773.5,0
118788.5,1
118788.9,0
118796.8,1
118797.1,0
118802.8,1
118803.1,0
118844.5,2
118856.1,1
118856.4,0
118892.4,1
118892.8,0
118905.7,1
118906,0
118940,1
118940.3,0
118954.8,1
118955.3,0
118959.9,1
118960.2,0
118971.6,1
118971.9,0
118996.1,1
118996.4,0
119020.2,1
119020.6,0
119077.2,1
119077.4,0
119096.7,1
119096.9,0
119109.6,1
119109.8,0
119123.9,1
119124.1,0
119152,1
119152.3,0
119172.5,1
119172.8,0
119200.6,1
119200.7,0
119216.9,1
119217.1,0
119229.6,1
119229.9,0
119234.8,1
119235.1,0
119245.2,1
119245.5,0
119267.3,1
119267.8,0
119283.3,1
119284,0
119294.8,1
119295.3,0
119298.9,1
119299.3,0
119308.7,3
119339.3,2
119353.2,1
119353.4,0
119387.9,2
119394.1,1
119394.4,0
119405.8,1
119406.3,0
119418.6,1
119418.9,0
119457.7,2
119520.7,1
119521,0
119539.1,1
119539.3,0
119622.3,1
119622.4,0
119685.7,1
119686.1,0
119712.2,2
119727.3,1
119727.7,0
119743,2
119750.9,1
119751.2,0
119764,1
119764.8,0
119776.8,1
119777.3,0
119787.1,1
119787.7,0
119799.4,1
119799.6,0
119813.7,2
119822.7,1
119823,0
119836,1
119836.3,0
119842.3,1
119842.6,0
119868.3,2
119966.6,1
119966.8,0
120029.7,1
120030,0
120094.4,1
120094.6,0
120111.4,1
120111.6,0
120119.3,1
120119.6,0
120140.4,1
120140.8,0
120147,1
120147.5,0
120165.2,1
120165.9,0
120173.9,2
120184.5,1
120184.8,0
120193,1
120193.4,0
120199.9,1
120200.3,0
120223.5,1
120224.4,0
120236,1
120236.4,0
120249.5,2
120264.8,1
120265.3,0
120275.4,1
120275.8,0
120292.3,2
120305.3,1
120305.7,0
120321,1
120321.5,0
120395.6,1
120395.9,0
120413.2,1
120413.4,0
120449,1
120449.4,0
120459.1,1
120459.6,0
120475.4,1
120475.7,0
120488.3,1
120488.8,0
120500.8,1
120501.3,0
120504.9,1
120505.3,0
120516.7,1
120517.1,0
120531.4,1
120531.8,0
120544.6,2
120566.7,1
120567.2,0
120590.8,2
120606.8,1
120607.1,0
