"timestamps_ms", "ids"
66.8, 2
70.8, 1
71.2, 0
78.5, 2
85.3, 1
86.3, 0
89.4, 2
95.6, 1
96.0, 0
115.8, 1
116.0, 0
128.8, 2
137.9, 1
139.1, 0
168.8, 5
192.4, 4
224.4, 3
233.3, 2
251.9, 1
252.4, 0
284.6, 1
285.3, 0
289.4, 1
289.6, 0
297.9, 1
298.2, 0
306.4, 1
306.8, 0
311.2, 2
323.6, 1
323.8, 0
326.3, 2
336.1, 1
336.8, 0
349.5, 2
357.5, 1
358.2, 0
369.0, 2
374.5, 1
375.1, 0
389.8, 1
390.4, 0
398.1, 3
410.5, 2
415.1, 1
415.6, 0
424.1, 2
428.3, 1
428.6, 0
439.6, 2
451.8, 1
452.4, 0
467.8, 2
479.7, 1
480.2, 0
494.9, 2
502.1, 1
502.6, 0
507.3, 3
514.9, 2
528.4, 1
528.8, 0
534.7, 2
546.4, 1
546.9, 0
561.6, 2
571.3, 1
571.8, 0
586.6, 1
586.8, 0
598.9, 2
602.8, 1
603.1, 0
605.1, 1
605.3, 0
622.9, 3
634.4, 2
643.2, 1
643.6, 0
655.0, 2
669.9, 1
670.6, 0
681.6, 2
692.4, 1
692.9, 0
731.4, 2
735.1, 1
735.4, 0
742.4, 2
746.1, 1
746.4, 0
754.5, 1
755.8, 0
759.9, 3
793.9, 2
798.5, 1
798.6, 0
804.6, 2
809.6, 1
809.8, 0
814.0, 1
814.6, 0
861.0, 3
873.8, 2
882.0, 1
882.4, 0
888.8, 2
891.8, 1
892.0, 0
903.3, 2
916.9, 1
917.4, 0
930.6, 3
940.3, 2
949.6, 1
949.9, 0
960.1, 2
974.9, 1
975.3, 0
984.4, 2
995.3, 1
995.9, 0
1006.2, 3
1028.1, 2
1037.9, 1
1038.3, 0
1047.9, 3
1065.3, 2
1076.4, 1
1077.0, 0
1081.8, 2
1092.1, 1
1092.6, 0
1104.3, 3
1122.1, 2
1129.4, 1
1129.8, 0
1140.1, 2
1147.6, 1
1147.8, 0
1164.6, 2
1179.9, 1
1180.3, 0
1205.1, 1
1205.8, 0
1210.1, 2
1221.9, 1
1222.8, 0
1249.5, 1
1250.2, 0
1254.8, 2
1259.8, 1
1260.1, 0
1271.2, 1
1271.5, 0
1299.2, 1
1299.6, 0
1306.4, 2
1326.2, 1
1326.8, 0
1336.8, 3
1352.2, 2
1362.6, 1
1362.8, 0
1370.1, 1
1370.9, 0
1393.2, 1
1393.5, 0
1405.6, 4
1428.8, 3
1444.3, 2
1454.0, 1
1454.6, 0
1469.2, 3
1480.3, 2
1490.7, 1
1491.0, 0
1508.3, 1
1508.8, 0
1517.4, 2
1533.0, 1
1533.6, 0
1548.4, 2
1555.9, 1
1556.3, 0
1569.2, 2
1579.0, 1
1579.4, 0
1589.2, 3
1600.8, 2
1633.1, 1
1633.6, 0
1648.4, 2
1675.1, 1
1675.5, 0
1687.5, 1
1687.8, 0
1695.1, 3
1704.6, 2
1709.5, 1
1709.9, 0
1716.1, 2
1719.1, 1
1719.4, 0
1730.9, 2
1748.4, 1
1748.8, 0
1774.9, 1
1775.1, 0
1793.7, 2
1805.5, 1
1806.3, 0
1812.6, 1
1814.3, 0
1819.3, 2
1824.3, 1
1825.2, 0
1831.3, 2
1848.2, 1
1848.9, 0
1861.3, 2
1865.4, 1
1867.3, 0
1881.1, 1
1883.8, 0
1898.6, 3
1913.4, 2
1920.6, 1
1920.9, 0
1941.3, 1
1941.8, 0
1948.8, 3
1974.4, 2
1987.1, 1
1987.5, 0
2003.0, 2
2021.5, 1
2022.6, 0
2041.1, 3
2079.4, 2
2091.4, 1
2091.8, 0
2114.3, 1
2115.2, 0
2119.8, 2
2133.4, 1
2133.8, 0
2168.4, 2
2172.1, 1
2172.6, 0
2201.4, 2
2211.3, 1
2211.8, 0
2221.2, 2
2228.6, 1
2229.1, 0
2235.8, 1
2236.3, 0
2247.4, 1
2250.5, 0
2259.1, 2
2266.2, 1
2266.5, 0
2270.2, 1
2270.9, 0
2280.9, 2
2293.8, 1
2296.2, 0
2317.6, 1
2317.8, 0
2334.1, 1
2335.1, 0
2343.1, 1
2343.6, 0
2349.3, 1
2349.9, 0
2358.8, 3
2370.6, 2
2382.6, 1
2382.8, 0
2403.6, 2
2409.1, 1
2409.5, 0
2425.4, 2
2429.8, 1
2430.1, 0
2449.1, 2
2470.6, 1
2470.9, 0
2474.6, 1
2475.1, 0
2502.4, 1
2503.1, 0
2537.9, 2
2543.5, 1
2543.9, 0
2549.3, 1
2549.7, 0
2560.2, 1
2560.8, 0
2580.6, 2
2594.2, 1
2594.4, 0
2603.0, 2
2616.3, 1
2616.6, 0
2633.1, 2
2640.1, 1
2640.5, 0
2651.4, 1
2652.4, 0
2658.7, 1
2661.8, 0
2689.8, 2
2702.9, 1
2703.4, 0
2748.7, 1
2749.1, 0
2757.1, 3
2775.6, 2
2797.1, 1
2798.0, 0
2801.4, 1
2802.1, 0
2821.3, 2
2837.6, 1
2838.1, 0
2857.1, 1
2857.7, 0
2872.3, 2
2874.4, 1
2874.8, 0
2928.6, 1
2929.3, 0
2948.4, 1
2951.0, 0
2975.8, 1
2976.4, 0
2981.1, 1
2981.5, 0
3001.4, 1
3001.6, 0
3013.4, 2
3021.8, 1
3022.1, 0
3090.9, 3
3115.4, 2
3128.4, 1
3128.8, 0
3155.1, 2
3172.0, 1
3172.3, 0
3185.6, 1
3185.9, 0
3221.6, 2
3227.5, 1
3228.0, 0
3245.9, 1
3246.6, 0
3250.5, 1
3251.1, 0
3259.9, 3
3284.8, 2
3300.9, 1
3301.1, 0
3314.1, 3
3370.1, 2
3378.8, 1
3379.3, 0
3395.0, 1
3395.8, 0
3397.9, 1
3398.3, 0
3413.8, 1
3414.3, 0
3443.8, 1
3444.3, 0
3451.4, 2
3462.2, 1
3462.7, 0
3481.8, 1
3483.6, 0
3495.8, 2
3508.9, 1
3509.2, 0
3538.9, 1
3539.8, 0
3550.4, 2
3581.9, 1
3582.6, 0
3585.8, 1
3586.2, 0
3595.9, 1
3596.9, 0
3609.8, 2
3613.7, 1
3613.9, 0
3636.6, 1
3637.0, 0
3645.3, 1
3645.8, 0
3663.1, 2
3692.9, 1
3693.6, 0
3711.4, 1
3715.2, 0
3747.9, 2
3762.4, 1
3762.9, 0
3780.3, 1
3780.8, 0
3789.8, 2
3805.4, 1
3805.8, 0
3814.7, 1
3815.2, 0
3819.8, 1
3820.4, 0
3833.2, 2
3848.6, 1
3849.3, 0
3855.2, 2
3867.1, 1
3867.3, 0
3878.1, 1
3878.4, 0
3892.8, 3
3947.8, 2
3964.3, 1
3964.8, 0
4017.5, 2
4027.1, 1
4027.4, 0
4030.8, 1
4031.2, 0
4042.4, 1
4042.9, 0
4060.9, 1
4063.9, 0
4084.5, 2
4109.1, 1
4109.6, 0
4117.1, 1
4117.4, 0
4125.9, 1
4126.9, 0
4132.4, 2
4136.1, 1
4136.4, 0
4142.3, 1
4142.8, 0
4156.4, 2
4165.6, 1
4165.8, 0
4177.8, 1
4178.2, 0
4190.9, 1
4191.6, 0
4205.5, 1
4206.3, 0
4224.5, 2
4240.6, 1
4241.5, 0
4243.8, 1
4244.1, 0
4253.8, 1
4254.4, 0
4257.8, 1
4258.1, 0
4304.9, 2
4311.9, 1
4312.4, 0
4377.8, 2
4399.4, 1
4400.1, 0
4413.2, 2
4422.9, 1
4423.2, 0
4429.8, 1
4430.3, 0
4457.4, 2
4463.3, 1
4463.6, 0
4468.6, 1
4469.1, 0
4475.7, 1
4476.1, 0
4486.5, 1
4489.6, 0
4508.5, 1
4508.9, 0
4532.9, 2
4552.8, 1
4553.3, 0
4561.2, 1
4561.9, 0
4572.9, 1
4573.7, 0
4579.8, 1
4580.3, 0
4586.8, 2
4605.0, 1
4605.6, 0
4633.8, 1
4634.1, 0
4663.1, 3
4689.1, 2
4703.8, 1
4704.0, 0
4723.8, 1
4724.3, 0
4767.6, 2
4777.1, 1
4777.5, 0
4783.2, 3
4823.5, 2
4840.4, 1
4840.8, 0
4880.1, 2
4887.0, 1
4887.3, 0
4903.6, 2
4907.5, 1
4907.8, 0
4914.2, 1
4914.7, 0
4956.9, 2
4965.8, 1
4966.1, 0
4979.1, 1
4979.4, 0
4985.1, 1
4985.6, 0
4991.6, 1
4991.9, 0
5026.3, 1
5027.6, 0
5036.6, 1
5038.8, 0
5043.4, 2
5061.3, 1
5061.6, 0
5073.8, 1
5074.5, 0
5082.6, 1
5083.4, 0
5088.6, 1
5088.9, 0
5091.1, 1
5091.4, 0
5109.8, 2
5120.7, 1
5121.0, 0
5127.9, 2
5136.4, 1
5136.9, 0
5146.9, 1
5147.9, 0
5153.1, 1
5153.9, 0
5252.9, 2
5264.6, 1
5264.9, 0
5284.3, 1
5284.7, 0
5288.8, 1
5289.3, 0
5328.2, 1
5328.6, 0
5348.8, 3
5357.0, 2
5360.8, 1
5361.1, 0
5364.8, 1
5365.3, 0
5371.1, 3
5378.8, 2
5386.3, 1
5386.5, 0
5392.2, 1
5392.6, 0
5433.3, 2
5437.8, 1
5438.1, 0
5442.3, 1
5442.7, 0
5461.4, 3
5465.1, 2
5470.2, 1
5470.4, 0
5497.4, 3
5523.3, 2
5526.0, 1
5526.3, 0
5534.3, 2
5538.8, 1
5539.1, 0
5549.2, 1
5550.1, 0
5562.8, 2
5567.4, 1
5567.8, 0
5571.8, 2
5596.5, 1
5599.4, 0
5612.8, 4
5621.6, 3
5673.9, 2
5680.6, 1
5680.9, 0
5700.1, 2
5712.5, 1
5712.8, 0
5716.9, 1
5717.4, 0
5723.6, 1
5724.3, 0
5745.1, 3
5785.3, 2
5793.4, 1
5793.6, 0
5814.0, 2
5828.1, 1
5828.5, 0
5866.6, 2
5871.0, 1
5871.3, 0
5887.3, 2
5901.4, 1
5901.8, 0
5904.8, 3
5915.9, 2
5931.8, 1
5932.2, 0
5987.6, 2
5998.2, 1
5998.5, 0
6006.9, 1
6007.6, 0
6013.7, 1
6014.1, 0
6036.4, 1
6037.1, 0
6079.6, 2
6085.8, 1
6086.1, 0
6091.9, 1
6092.3, 0
6096.0, 3
6124.5, 2
6141.1, 1
6141.4, 0
6157.7, 1
6158.1, 0
6161.1, 1
6161.4, 0
6172.8, 1
6174.2, 0
6179.9, 2
6192.9, 1
6193.1, 0
6204.5, 1
6205.3, 0
6207.3, 1
6207.9, 0
6219.8, 1
6221.7, 0
6246.4, 2
6259.1, 1
6259.4, 0
6266.9, 1
6267.6, 0
6289.4, 3
6304.3, 2
6321.5, 1
6322.1, 0
6325.9, 1
6326.4, 0
6345.3, 1
6345.8, 0
6362.7, 2
6369.8, 1
6370.8, 0
6405.7, 2
6413.4, 1
6413.6, 0
6418.9, 3
6422.7, 2
6427.8, 1
6428.8, 0
6440.8, 2
6449.6, 1
6449.9, 0
6514.6, 2
6530.9, 1
6531.2, 0
6546.6, 1
6546.9, 0
6578.8, 2
6587.3, 1
6587.6, 0
6612.6, 5
6633.7, 4
6681.1, 3
6714.3, 2
6737.8, 1
6738.1, 0
6748.1, 1
6748.6, 0
6759.3, 1
6759.9, 0
6780.8, 1
6783.5, 0
6788.4, 1
6788.8, 0
6844.5, 2
6851.3, 1
6851.6, 0
6895.3, 2
6909.3, 1
6909.6, 0
6919.8, 1
6920.3, 0
6950.0, 3
6988.7, 2
7006.4, 1
7006.8, 0
7012.4, 1
7012.7, 0
7030.2, 1
7030.8, 0
7101.4, 2
7121.2, 1
7121.5, 0
7148.2, 1
7148.8, 0
7156.4, 1
7157.3, 0
7180.6, 1
7183.9, 0
7199.9, 2
7212.6, 1
7212.9, 0
7222.7, 2
7235.1, 1
7235.9, 0
7272.8, 2
7290.6, 1
7290.8, 0
7310.0, 1
7312.4, 0
7316.8, 1
7317.1, 0
7333.8, 2
7351.3, 1
7352.2, 0
7371.9, 2
7380.5, 1
7380.8, 0
7423.1, 4
7473.0, 3
7482.7, 2
7505.5, 1
7506.3, 0
7517.1, 2
7554.2, 1
7554.9, 0
7558.8, 2
7570.4, 1
7570.8, 0
7582.6, 1
7582.9, 0
7587.7, 1
7588.0, 0
7598.2, 1
7598.6, 0
7611.4, 1
7614.1, 0
7621.8, 1
7624.6, 0
7633.6, 2
7659.0, 1
7659.5, 0
7664.4, 1
7664.9, 0
7694.9, 2
7704.8, 1
7705.1, 0
7739.7, 1
7739.9, 0
7760.6, 2
7774.8, 1
7775.2, 0
7796.9, 5
7851.5, 4
7872.9, 3
7906.1, 2
7910.1, 1
7910.4, 0
7914.9, 1
7915.5, 0
7926.6, 1
7927.1, 0
7937.6, 1
7938.7, 0
7955.5, 2
7966.1, 1
7966.4, 0
7982.4, 2
8000.2, 1
8000.8, 0
8060.5, 2
8076.6, 1
8077.2, 0
8085.1, 2
8095.7, 1
8095.9, 0
8134.8, 1
8137.9, 0
8150.9, 1
8151.3, 0
8184.9, 2
8194.5, 1
8194.6, 0
8204.8, 1
8205.3, 0
8222.6, 1
8223.4, 0
8239.8, 3
8255.8, 2
8266.8, 1
8267.4, 0
8282.9, 1
8285.2, 0
8300.0, 1
8301.6, 0
8317.9, 1
8318.3, 0
8321.6, 1
8321.9, 0
8340.1, 1
8340.8, 0
8381.0, 2
8408.6, 1
8409.1, 0
8414.4, 1
8414.8, 0
8442.4, 3
8446.9, 2
8452.9, 1
8453.1, 0
8473.2, 1
8475.7, 0
8484.8, 1
8485.2, 0
8504.4, 5
8563.2, 4
8573.3, 3
8589.5, 2
8594.7, 1
8594.9, 0
8601.2, 1
8601.9, 0
8653.3, 2
8671.9, 1
8673.8, 0
8691.1, 2
8706.9, 1
8707.5, 0
8715.8, 3
8722.0, 2
8742.1, 1
8745.4, 0
8776.1, 3
8797.5, 2
8803.3, 1
8803.5, 0
8829.3, 2
8835.6, 1
8835.9, 0
8849.3, 2
8858.4, 1
8858.8, 0
8885.1, 2
8892.8, 1
8893.3, 0
8922.5, 1
8924.2, 0
8934.5, 1
8934.9, 0
8953.9, 1
8954.5, 0
8958.7, 1
8959.3, 0
8969.9, 4
8983.1, 3
9021.3, 2
9031.2, 1
9031.6, 0
9070.4, 2
9076.6, 1
9077.1, 0
9085.9, 4
9098.1, 3
9123.2, 2
9135.8, 1
9136.3, 0
9166.2, 2
9173.6, 1
9174.0, 0
9197.1, 1
9201.1, 0
9246.2, 2
9250.9, 1
9251.3, 0
9273.1, 3
9282.8, 2
9299.1, 1
9299.5, 0
9321.8, 1
9324.3, 0
9348.2, 4
9371.4, 3
9380.2, 2
9386.1, 1
9386.5, 0
9414.1, 1
9414.9, 0
9431.9, 1
9434.8, 0
9464.8, 2
9468.3, 1
9468.5, 0
9491.3, 2
9506.9, 1
9507.3, 0
9527.8, 2
9542.2, 1
9543.9, 0
9547.2, 1
9547.8, 0
9579.8, 3
9620.4, 2
9630.2, 1
9630.5, 0
9655.3, 2
9664.5, 1
9664.8, 0
9688.5, 2
9697.1, 1
9697.6, 0
9701.8, 1
9702.1, 0
9718.0, 1
9721.6, 0
9762.3, 2
9783.5, 1
9784.0, 0
9817.9, 2
9826.6, 1
9827.1, 0
9836.9, 1
9837.4, 0
9865.6, 1
9866.3, 0
9893.8, 3
9906.6, 2
9944.1, 1
9944.5, 0
9971.3, 1
9971.8, 0
9978.8, 1
9979.9, 0
10013.2, 2
10024.4, 1
10024.9, 0
10029.6, 1
10030.4, 0
10046.8, 1
10047.6, 0
10060.3, 3
10077.4, 2
10081.0, 1
10081.4, 0
10091.6, 1
10091.9, 0
10099.1, 1
10099.8, 0
10123.9, 2
10152.8, 1
10153.3, 0
10160.6, 1
10161.1, 0
10203.4, 1
10203.8, 0
10216.5, 1
10216.9, 0
10251.9, 6
10267.4, 5
10293.5, 4
10337.0, 3
10347.4, 2
10350.9, 1
10351.3, 0
10360.1, 1
10360.6, 0
10363.9, 1
10364.3, 0
10371.5, 1
10372.4, 0
10418.4, 2
10421.3, 1
10421.8, 0
10441.5, 1
10444.5, 0
10458.8, 1
10459.1, 0
10489.8, 2
10495.1, 1
10495.6, 0
10516.6, 1
10519.2, 0
10527.1, 1
10527.8, 0
10536.8, 2
10551.8, 1
10552.1, 0
10566.7, 1
10567.3, 0
10576.6, 1
10577.2, 0
10589.4, 2
10615.8, 1
10616.1, 0
10618.4, 1
10618.7, 0
10654.6, 1
10655.3, 0
10667.5, 1
10667.9, 0
10679.1, 1
10679.8, 0
10687.5, 2
10698.3, 1
10699.0, 0
10711.1, 2
10715.3, 1
10715.6, 0
10718.5, 1
10718.9, 0
10740.1, 2
10770.0, 1
10770.8, 0
10793.3, 2
10808.9, 1
10809.3, 0
10831.8, 1
10834.2, 0
10847.8, 2
10855.9, 1
10856.4, 0
10870.7, 3
10877.2, 2
10880.2, 1
10880.5, 0
10898.3, 1
10899.2, 0
10908.1, 1
10908.8, 0
10933.6, 2
10950.8, 1
10951.1, 0
10964.4, 1
10964.8, 0
10993.1, 2
11011.4, 1
11011.9, 0
11020.8, 1
11021.6, 0
11031.1, 1
11031.5, 0
11035.6, 3
11088.5, 2
11096.4, 1
11096.8, 0
11102.4, 1
11103.3, 0
11133.2, 1
11133.7, 0
11147.1, 1
11147.8, 0
11154.3, 1
11155.0, 0
11161.3, 2
11168.1, 1
11168.6, 0
11176.4, 2
11178.2, 1
11178.5, 0
11184.4, 1
11184.8, 0
11211.9, 1
11212.1, 0
11222.2, 1
11222.5, 0
11226.9, 1
11227.5, 0
11233.8, 1
11234.2, 0
11239.6, 1
11239.8, 0
11244.2, 1
11244.4, 0
11250.8, 1
11251.2, 0
11254.1, 1
11254.3, 0
11261.5, 1
11261.8, 0
11268.9, 1
11269.3, 0
11271.8, 1
11272.2, 0
11274.8, 1
11275.1, 0
11279.3, 2
11281.9, 1
11282.1, 0
11291.7, 1
11292.2, 0
11294.2, 1
11294.4, 0
11299.8, 1
11300.3, 0
11311.1, 1
11311.3, 0
11314.4, 2
11318.6, 1
11319.0, 0
11323.5, 2
11327.4, 1
11328.1, 0
11336.1, 2
11340.8, 1
11341.1, 0
11348.5, 1
11349.1, 0
11354.1, 1
11354.8, 0
11365.8, 1
11366.1, 0
11381.8, 1
11382.2, 0
11390.2, 1
11390.5, 0
11401.1, 2
11414.9, 1
11415.5, 0
11428.6, 2
11434.4, 1
11434.8, 0
11445.6, 2
11453.7, 1
11454.2, 0
11478.6, 5
11528.6, 4
11543.1, 3
11549.3, 2
11555.4, 1
11555.6, 0
11567.9, 1
11568.5, 0
11576.4, 1
11576.8, 0
11584.9, 1
11585.4, 0
11592.8, 1
11593.1, 0
11596.9, 1
11597.7, 0
11607.8, 1
11608.1, 0
11610.1, 1
11610.4, 0
11618.6, 1
11618.8, 0
11624.2, 1
11624.5, 0
11629.6, 1
11630.1, 0
11634.4, 1
11635.0, 0
11643.2, 1
11643.6, 0
11648.4, 1
11648.9, 0
11657.6, 1
11658.1, 0
11665.9, 1
11667.1, 0
11678.5, 1
11678.9, 0
11690.4, 1
11690.8, 0
11709.9, 1
11710.4, 0
11850.5, 2
11858.8, 1
11859.1, 0
11863.8, 1
11864.1, 0
11867.1, 1
11867.6, 0
11876.2, 1
11876.4, 0
11887.7, 2
11896.6, 1
11896.9, 0
11901.6, 1
11901.9, 0
11912.2, 1
11912.5, 0
11918.7, 2
11946.8, 1
11947.3, 0
11980.7, 1
11980.9, 0
11983.0, 1
11983.9, 0
12008.9, 3
12025.3, 2
12028.9, 1
12029.3, 0
12047.1, 1
12047.5, 0
12059.8, 1
12060.8, 0
12068.0, 3
12101.1, 2
12104.2, 1
12104.5, 0
12133.1, 3
12153.8, 2
12168.6, 1
12171.1, 0
12176.1, 1
12176.6, 0
12184.9, 1
12185.6, 0
12202.8, 2
12207.3, 1
12207.6, 0
12220.6, 2
12225.6, 1
12226.2, 0
12254.8, 1
12255.3, 0
12262.9, 1
12263.3, 0
12272.4, 1
12274.8, 0
12287.6, 2
12315.2, 1
12315.6, 0
12323.3, 4
12329.5, 3
12335.7, 2
12338.7, 1
12339.2, 0
12352.1, 2
12356.8, 1
12357.1, 0
12372.2, 2
12377.7, 1
12378.0, 0
12398.4, 1
12398.8, 0
12410.0, 1
12412.4, 0
12420.4, 2
12434.2, 1
12434.5, 0
12440.2, 2
12450.8, 1
12454.2, 0
12461.2, 3
12482.9, 2
12494.1, 1
12494.4, 0
12518.3, 1
12518.8, 0
12534.4, 2
12544.2, 1
12544.5, 0
12552.2, 3
12573.9, 2
12581.8, 1
12582.3, 0
12592.8, 2
12601.1, 1
12601.5, 0
12610.4, 2
12620.5, 1
12621.1, 0
12638.1, 1
12638.8, 0
12641.6, 1
12642.4, 0
12653.3, 3
12668.8, 2
12678.3, 1
12678.8, 0
12689.6, 2
12693.4, 1
12693.8, 0
12720.9, 1
12721.4, 0
12730.2, 2
12741.3, 1
12741.9, 0
12760.9, 2
12766.9, 1
12767.2, 0
12782.3, 2
12789.4, 1
12789.6, 0
12803.3, 2
12812.7, 1
12813.1, 0
12824.6, 2
12836.8, 1
12837.3, 0
12857.3, 3
12880.6, 2
12897.1, 1
12897.6, 0
12912.8, 2
12932.1, 1
12932.6, 0
12937.6, 2
12948.9, 1
12949.7, 0
12961.5, 4
12973.9, 3
12985.4, 2
12991.2, 1
12991.5, 0
13001.5, 1
13001.9, 0
13009.9, 3
13017.9, 2
13028.8, 1
13029.3, 0
13040.4, 2
13045.9, 1
13046.2, 0
13057.9, 2
13061.6, 1
13062.1, 0
13091.1, 3
13115.1, 2
13119.2, 1
13119.4, 0
13130.4, 2
13149.1, 1
13149.8, 0
13164.6, 4
13172.8, 3
13175.5, 2
13183.1, 1
13183.6, 0
13185.6, 5
13195.2, 4
13202.6, 3
13226.2, 2
13235.0, 1
13235.3, 0
13263.1, 2
13271.0, 1
13271.3, 0
13279.0, 1
13279.5, 0
13294.6, 2
13298.8, 1
13299.1, 0
13311.6, 2
13322.4, 1
13322.8, 0
13335.8, 1
13336.1, 0
13343.0, 2
13357.8, 1
13358.0, 0
13375.3, 2
13382.9, 1
13383.3, 0
13400.3, 3
13410.7, 2
13416.8, 1
13417.2, 0
13424.9, 1
13427.5, 0
13440.6, 2
13457.2, 1
13457.6, 0
13475.6, 2
13480.1, 1
13480.3, 0
13505.5, 3
13570.5, 2
13573.3, 1
13573.6, 0
13595.4, 3
13605.9, 2
13609.0, 1
13609.4, 0
13617.0, 3
13634.0, 2
13640.9, 1
13641.2, 0
13644.4, 1
13645.0, 0
13663.0, 2
13674.5, 1
13675.1, 0
13684.5, 2
13697.3, 1
13697.9, 0
13708.8, 2
13713.3, 1
13713.8, 0
13723.4, 2
13730.9, 1
13731.3, 0
13748.7, 2
13756.8, 1
13758.7, 0
13797.9, 1
13800.2, 0
13812.8, 2
13829.1, 1
13829.5, 0
13853.5, 1
13853.9, 0
13870.9, 2
13876.3, 1
13876.6, 0
13901.6, 3
13918.2, 2
13933.7, 1
13935.1, 0
13948.4, 2
13960.6, 1
13961.6, 0
13982.2, 2
13986.4, 1
13986.8, 0
14001.2, 2
14011.8, 1
14012.2, 0
14015.0, 2
14024.3, 1
14024.6, 0
14060.5, 2
14084.1, 1
14084.9, 0
14094.8, 2
14117.2, 1
14118.4, 0
14132.3, 2
14140.6, 1
14140.9, 0
14151.3, 2
14162.4, 1
14162.7, 0
14181.6, 1
14181.9, 0
14220.3, 3
14235.4, 2
14240.6, 1
14240.9, 0
14255.5, 3
14268.4, 2
14282.3, 1
14282.8, 0
14298.1, 2
14301.9, 1
14302.2, 0
14313.4, 1
14315.3, 0
14326.8, 2
14337.8, 1
14338.4, 0
14355.4, 3
14379.4, 2
14397.8, 1
14398.3, 0
14429.8, 3
14456.9, 2
14468.9, 1
14469.4, 0
14498.1, 1
14498.4, 0
14505.9, 2
14513.8, 1
14515.1, 0
14537.9, 1
14539.1, 0
14556.9, 2
14563.6, 1
14564.1, 0
14589.4, 2
14613.9, 1
14614.3, 0
14625.8, 1
14626.0, 0
14631.8, 1
14632.3, 0
14678.8, 2
14680.9, 1
14681.2, 0
14717.5, 2
14744.3, 1
14744.7, 0
14776.6, 2
14790.8, 1
14791.3, 0
14806.9, 1
14810.5, 0
14837.5, 2
14844.9, 1
14845.3, 0
14868.8, 1
14869.1, 0
14876.3, 1
14876.8, 0
14890.6, 1
14890.9, 0
14906.3, 3
14937.5, 2
14949.5, 1
14950.2, 0
14961.4, 3
15023.1, 2
15037.9, 1
15038.4, 0
15048.9, 2
15055.8, 1
15056.1, 0
15068.6, 1
15069.1, 0
15072.4, 1
15072.9, 0
15080.2, 2
15095.0, 1
15095.4, 0
15108.2, 2
15114.8, 1
15115.1, 0
15131.1, 1
15131.4, 0
15148.6, 2
15152.5, 1
15152.8, 0
15161.6, 1
15161.9, 0
15199.1, 1
15199.4, 0
15218.3, 2
15266.3, 1
15266.7, 0
15271.9, 1
15272.8, 0
15297.5, 1
15298.1, 0
15308.6, 1
15309.8, 0
15318.5, 1
15321.3, 0
15338.5, 2
15359.9, 1
15360.3, 0
15363.5, 1
15364.1, 0
15376.1, 1
15376.4, 0
15406.5, 2
15428.7, 1
15429.3, 0
15466.1, 2
15479.1, 1
15479.5, 0
15481.8, 1
15482.1, 0
15493.5, 1
15493.8, 0
15508.4, 1
15510.2, 0
15520.4, 1
15523.6, 0
15542.4, 2
15548.7, 1
15549.1, 0
15565.3, 3
15573.2, 2
15588.8, 1
15589.2, 0
15594.4, 2
15598.1, 1
15598.3, 0
15629.9, 3
15660.9, 2
15672.7, 1
15673.2, 0
15691.6, 3
15710.2, 2
15718.7, 1
15719.1, 0
15744.8, 2
15763.4, 1
15764.0, 0
15773.4, 4
15798.8, 3
15830.2, 2
15847.5, 1
15848.3, 0
15858.8, 1
15861.9, 0
15879.4, 2
15884.6, 1
15884.8, 0
15915.9, 4
15938.8, 3
15964.1, 2
15974.2, 1
15974.6, 0
15990.3, 3
16017.8, 2
16024.5, 1
16024.8, 0
16054.4, 2
16066.9, 1
16067.3, 0
16079.8, 1
16080.3, 0
16101.2, 2
16118.2, 1
16118.7, 0
16146.7, 2
16167.7, 1
16168.1, 0
16192.8, 3
16213.8, 2
16220.5, 1
16220.8, 0
16239.8, 3
16292.8, 2
16298.4, 1
16298.8, 0
16304.9, 2
16323.4, 1
16323.8, 0
16333.3, 2
16355.3, 1
16355.9, 0
16379.0, 2
16400.4, 1
16400.8, 0
16429.4, 3
16441.3, 2
16445.1, 1
16445.6, 0
16486.4, 2
16505.5, 1
16506.4, 0
16512.5, 1
16513.3, 0
16525.9, 2
16549.9, 1
16550.4, 0
16560.6, 1
16560.9, 0
16579.3, 2
16584.4, 1
16584.8, 0
16593.9, 1
16594.6, 0
16608.8, 1
16610.1, 0
16622.6, 1
16623.1, 0
16673.5, 2
16691.5, 1
16692.0, 0
16706.0, 1
16706.9, 0
16732.0, 2
16745.3, 1
16745.6, 0
16760.6, 1
16761.1, 0
16772.7, 1
16773.7, 0
16782.5, 1
16783.0, 0
16790.6, 1
16790.9, 0
16801.4, 2
16804.1, 1
16804.4, 0
16820.6, 1
16822.8, 0
16850.8, 2
16871.8, 1
16872.1, 0
16888.2, 1
16888.8, 0
16901.1, 1
16902.0, 0
16934.3, 2
16939.3, 1
16939.6, 0
16967.5, 2
16981.2, 1
16981.5, 0
16994.6, 1
16995.1, 0
16999.6, 1
17000.1, 0
17024.6, 1
17025.0, 0
17033.2, 1
17033.8, 0
17049.1, 1
17049.5, 0
17059.7, 1
17062.2, 0
17073.1, 3
17108.2, 2
17121.1, 1
17121.6, 0
17152.6, 2
17170.9, 1
17171.3, 0
17174.1, 1
17174.3, 0
17244.3, 2
17251.9, 1
17252.3, 0
17284.8, 2
17295.6, 1
17296.1, 0
17316.3, 1
17317.3, 0
17348.9, 3
17366.9, 2
17390.8, 1
17391.3, 0
17428.8, 2
17469.1, 1
17469.6, 0
17501.5, 2
17529.2, 1
17529.6, 0
17547.0, 2
17550.9, 1
17551.3, 0
17572.7, 2
17597.4, 1
17597.9, 0
17621.5, 3
17645.0, 2
17667.6, 1
17667.9, 0
17678.9, 1
17681.1, 0
17695.6, 2
17705.8, 1
17706.2, 0
17744.4, 1
17744.8, 0
17771.8, 1
17772.8, 0
17789.4, 2
17796.6, 1
17797.0, 0
17812.6, 2
17817.5, 1
17818.1, 0
17835.2, 2
17854.2, 1
17854.6, 0
17861.9, 1
17862.4, 0
17890.6, 2
17905.9, 1
17906.3, 0
17911.2, 1
17911.5, 0
17939.2, 3
17984.2, 2
17992.9, 1
17993.4, 0
18019.8, 3
18098.6, 2
18121.5, 1
18121.8, 0
18144.2, 1
18145.3, 0
18155.5, 2
18162.8, 1
18163.1, 0
18176.3, 1
18177.6, 0
18197.8, 1
18200.9, 0
18221.6, 1
18224.3, 0
18235.2, 2
18250.3, 1
18250.9, 0
18258.9, 4
18266.4, 3
18305.1, 2
18319.5, 1
18320.0, 0
18357.7, 3
18381.1, 2
18395.9, 1
18396.3, 0
18437.2, 2
18465.3, 1
18465.8, 0
18487.4, 2
18492.5, 1
18492.8, 0
18507.9, 4
18542.8, 3
18589.2, 2
18598.1, 1
18598.4, 0
18606.8, 2
18610.5, 1
18610.8, 0
18620.0, 1
18620.4, 0
18627.5, 1
18628.4, 0
18648.6, 2
18683.8, 1
18684.5, 0
18700.9, 2
18707.1, 1
18707.5, 0
18716.8, 1
18717.1, 0
18722.7, 1
18723.1, 0
18776.4, 3
18797.8, 2
18805.5, 1
18807.2, 0
18824.2, 3
18845.4, 2
18850.1, 1
18850.3, 0
18856.8, 2
18870.8, 1
18871.0, 0
18877.0, 3
18889.8, 2
18898.3, 1
18898.6, 0
18920.4, 2
18926.3, 1
18926.5, 0
18933.9, 1
18934.5, 0
18944.4, 3
18950.6, 2
18956.9, 1
18957.3, 0
18968.8, 1
18969.2, 0
18978.8, 1
18981.6, 0
19017.0, 1
19019.9, 0
19031.8, 1
19032.3, 0
19047.4, 2
19049.8, 1
19050.4, 0
19068.6, 3
19099.2, 2
19111.2, 1
19111.4, 0
19179.1, 2
19189.9, 1
19190.4, 0
19203.3, 2
19216.0, 1
19216.3, 0
19246.2, 2
19286.1, 1
19288.6, 0
19302.5, 1
19302.9, 0
19317.8, 1
19318.5, 0
19321.8, 1
19322.4, 0
19326.6, 1
19327.0, 0
19330.8, 1
19331.3, 0
19343.0, 1
19343.5, 0
19366.1, 2
19384.3, 1
19384.8, 0
19398.5, 1
19399.1, 0
19411.4, 1
19411.8, 0
19423.6, 1
19424.1, 0
19451.1, 2
19468.8, 1
19469.4, 0
19498.3, 2
19516.5, 1
19517.0, 0
19527.3, 1
19527.8, 0
19531.1, 1
19531.6, 0
19556.2, 1
19556.8, 0
19585.4, 2
19612.2, 1
19612.6, 0
19621.6, 1
19622.2, 0
19643.4, 2
19648.3, 1
19648.6, 0
19650.9, 1
19651.3, 0
19659.3, 1
19660.6, 0
19673.2, 2
19689.6, 1
19689.8, 0
19711.3, 2
19716.1, 1
19716.4, 0
19726.6, 1
19727.1, 0
19759.1, 2
19777.1, 1
19777.6, 0
19785.5, 1
19786.3, 0
19826.4, 2
19833.2, 1
19833.5, 0
19863.5, 1
19865.9, 0
19868.9, 1
19870.6, 0
19876.1, 1
19876.5, 0
19879.2, 1
19879.7, 0
19884.1, 1
19884.5, 0
19901.5, 3
19914.1, 2
19921.5, 1
19921.9, 0
19931.3, 1
19931.6, 0
19937.1, 2
19940.8, 1
19941.2, 0
19957.8, 1
19958.2, 0
19967.4, 2
19971.8, 1
19972.7, 0
19974.6, 1
19975.3, 0
19980.8, 2
19987.6, 1
19988.4, 0
19993.8, 1
19994.3, 0
19997.2, 2
20002.1, 1
20002.3, 0
20007.6, 1
20007.8, 0
20018.4, 2
20022.5, 1
20022.8, 0
20027.1, 2
20029.8, 1
20029.9, 0
20035.1, 2
20039.4, 1
20039.9, 0
20047.0, 1
20047.5, 0
20057.1, 1
20059.4, 0
20065.2, 1
20065.9, 0
20072.4, 1
20072.7, 0
20078.2, 1
20078.5, 0
20080.6, 1
20080.9, 0
20086.7, 1
20087.6, 0
20096.6, 1
20096.8, 0
20103.1, 1
20103.8, 0
20114.3, 1
20115.2, 0
20117.9, 1
20118.2, 0
20125.8, 1
20126.2, 0
20135.4, 2
20148.9, 1
20149.3, 0
20162.8, 3
20172.4, 2
20182.4, 1
20183.3, 0
20201.2, 4
20211.4, 3
20302.1, 2
20308.8, 1
20309.1, 0
20316.7, 1
20318.8, 0
20329.6, 1
20331.9, 0
20337.9, 1
20340.2, 0
20349.1, 1
20352.8, 0
20358.1, 1
20361.5, 0
20367.9, 1
20368.3, 0
20375.8, 1
20376.3, 0
20382.9, 1
20383.3, 0
20392.5, 1
20393.1, 0
20397.9, 1
20398.6, 0
20405.6, 1
20405.9, 0
20415.1, 1
20415.7, 0
20424.4, 1
20424.8, 0
20430.5, 1
20430.8, 0
20438.4, 1
20438.8, 0
20455.3, 1
20455.7, 0
20474.6, 2
20479.0, 1
20479.3, 0
20560.9, 2
20608.1, 1
20608.6, 0
20613.0, 1
20613.6, 0
20618.9, 1
20619.3, 0
20623.9, 1
20626.6, 0
20634.8, 2
20641.9, 1
20642.3, 0
20650.8, 2
20653.0, 1
20653.7, 0
20663.6, 2
20669.5, 1
20669.8, 0
20685.8, 2
20695.8, 1
20696.2, 0
20712.2, 1
20712.8, 0
20719.5, 5
20729.5, 4
20757.2, 3
20771.4, 2
20785.0, 1
20785.5, 0
20791.9, 5
20846.7, 4
20856.9, 3
20869.6, 2
20877.4, 1
20877.8, 0
20900.1, 2
20911.9, 1
20912.5, 0
20914.6, 1
20914.8, 0
20925.8, 4
20954.9, 3
20968.6, 2
20981.6, 1
20981.9, 0
20987.3, 2
20994.9, 1
20995.5, 0
21010.7, 1
21012.6, 0
21026.5, 7
21037.8, 6
21070.0, 5
21102.9, 4
21112.6, 3
21127.9, 2
21141.4, 1
21141.8, 0
21148.9, 2
21155.9, 1
21156.5, 0
21170.8, 2
21174.8, 1
21175.1, 0
21179.7, 2
21188.4, 1
21188.8, 0
21213.3, 5
21224.6, 4
21254.8, 3
21314.1, 2
21323.3, 1
21323.8, 0
21338.4, 3
21347.7, 2
21356.3, 1
21356.6, 0
21361.3, 2
21377.0, 1
21377.4, 0
21395.2, 1
21395.8, 0
21414.8, 4
21436.8, 3
21467.9, 2
21482.3, 1
21484.8, 0
21496.3, 3
21518.2, 2
21526.6, 1
21527.1, 0
21543.9, 2
21549.2, 1
21549.6, 0
21573.8, 2
21577.1, 1
21577.6, 0
21582.6, 2
21590.1, 1
21590.3, 0
21597.9, 3
21605.6, 2
21609.5, 1
21610.4, 0
21629.1, 2
21645.3, 1
21648.2, 0
21656.9, 2
21663.4, 1
21663.8, 0
21681.5, 2
21691.6, 1
21692.3, 0
21699.5, 2
21703.8, 1
21704.0, 0
21710.2, 1
21710.8, 0
21721.5, 2
21741.8, 1
21742.2, 0
21756.2, 4
21789.6, 3
21813.8, 2
21823.8, 1
21826.3, 0
21844.5, 3
21855.8, 2
21863.6, 1
21863.9, 0
21883.7, 2
21888.8, 1
21889.1, 0
21909.4, 2
21921.1, 1
21921.6, 0
21962.1, 2
21977.8, 1
21978.3, 0
21990.8, 2
21995.3, 1
21995.8, 0
22020.8, 3
22030.3, 2
22033.6, 1
22035.9, 0
22057.3, 3
22061.1, 2
22072.1, 1
22072.8, 0
22084.9, 2
22095.5, 1
22096.0, 0
22112.8, 2
22121.9, 1
22122.3, 0
22126.3, 1
22127.0, 0
22147.4, 5
22168.8, 4
22192.5, 3
22209.4, 2
22214.4, 1
22214.6, 0
22226.9, 1
22227.6, 0
22258.6, 1
22258.9, 0
22291.1, 4
22323.5, 3
22355.3, 2
22365.8, 1
22366.6, 0
22396.4, 4
22426.5, 3
22436.4, 2
22443.2, 1
22443.4, 0
22463.8, 3
22481.9, 2
22494.9, 1
22495.6, 0
22508.9, 2
22520.1, 1
22520.6, 0
22534.8, 1
22535.3, 0
22540.8, 1
22541.3, 0
22552.4, 2
22560.5, 1
22560.8, 0
22592.8, 2
22595.8, 1
22596.1, 0
22625.8, 2
22641.1, 1
22641.6, 0
22675.1, 3
22691.9, 2
22706.8, 1
22707.1, 0
22714.0, 1
22714.8, 0
22723.5, 1
22726.1, 0
22729.3, 1
22729.7, 0
22762.4, 2
22778.8, 1
22780.4, 0
22793.2, 4
22829.3, 3
22853.0, 2
22856.6, 1
22857.0, 0
22866.3, 2
22888.8, 1
22889.6, 0
22894.8, 1
22895.4, 0
22929.4, 2
22943.7, 1
22944.3, 0
22965.7, 2
22991.2, 1
22991.9, 0
23019.1, 2
23034.2, 1
23034.9, 0
23043.8, 1
23047.1, 0
23066.0, 1
23066.5, 0
23069.2, 1
23069.6, 0
23082.0, 1
23084.4, 0
23091.9, 2
23095.8, 1
23096.2, 0
23122.4, 2
23132.8, 1
23133.2, 0
23156.6, 2
23176.4, 1
23177.3, 0
23192.5, 2
23200.2, 1
23200.6, 0
23222.9, 4
23269.4, 3
23283.1, 2
23289.8, 1
23290.0, 0
23306.6, 1
23309.8, 0
23325.1, 2
23337.3, 1
23337.7, 0
23347.8, 2
23387.4, 1
23387.8, 0
23400.1, 2
23403.2, 1
23403.5, 0
23427.6, 2
23438.9, 1
23439.4, 0
23462.4, 3
23539.5, 2
23560.5, 1
23561.3, 0
23572.5, 1
23573.2, 0
23594.6, 2
23623.6, 1
23624.2, 0
23633.6, 1
23636.3, 0
23650.8, 2
23655.2, 1
23655.5, 0
23676.2, 1
23676.6, 0
23684.7, 2
23707.5, 1
23707.8, 0
23714.7, 2
23721.8, 1
23722.5, 0
23728.5, 2
23743.4, 1
23743.8, 0
23753.9, 2
23762.9, 1
23763.3, 0
23784.5, 2
23788.8, 1
23789.4, 0
23811.6, 3
23835.6, 2
23839.9, 1
23840.2, 0
23846.6, 1
23849.1, 0
23864.9, 1
23865.3, 0
23880.6, 2
23894.2, 1
23894.4, 0
23909.7, 2
23921.7, 1
23922.1, 0
23943.4, 2
23977.9, 1
23978.3, 0
23989.5, 1
23989.8, 0
24021.1, 2
24026.5, 1
24026.8, 0
24045.2, 2
24066.1, 1
24066.3, 0
24156.4, 2
24178.8, 1
24181.6, 0
24207.3, 1
24208.4, 0
24246.4, 2
24259.8, 1
24260.2, 0
24328.5, 1
24329.1, 0
24378.6, 1
24378.9, 0
24416.5, 1
24417.1, 0
24446.6, 1
24447.3, 0
24472.4, 1
24472.9, 0
24509.5, 1
24510.4, 0
24535.7, 2
24540.1, 1
24540.4, 0
24586.6, 1
24587.0, 0
24634.7, 2
24718.3, 1
24718.8, 0
24782.4, 1
24782.8, 0
24811.8, 1
24812.1, 0
24821.9, 1
24822.3, 0
24847.8, 1
24848.3, 0
24853.8, 1
24854.0, 0
24890.4, 1
24890.8, 0
24903.5, 1
24903.9, 0
24954.1, 1
24954.4, 0
24968.6, 1
24969.1, 0
24974.8, 2
25037.5, 1
25037.9, 0
25058.4, 1
25059.0, 0
25082.4, 1
25082.8, 0
25253.3, 1
25253.9, 0
25344.4, 1
25345.1, 0
25413.5, 1
25414.1, 0
25449.1, 1
25449.4, 0
25479.8, 1
25480.3, 0
25500.1, 1
25500.3, 0
25564.9, 1
25565.6, 0
25579.0, 1
25579.3, 0
25643.9, 1
25644.3, 0
25653.4, 1
25653.8, 0
25720.6, 1
25723.8, 0
25743.8, 1
25744.3, 0
25772.5, 1
25772.9, 0
25813.8, 1
25814.4, 0
25884.6, 1
25885.3, 0
25912.2, 1
25912.7, 0
25953.1, 2
25958.3, 1
25958.5, 0
25980.1, 1
25980.4, 0
26006.3, 1
26006.8, 0
26057.5, 1
26058.1, 0
26086.3, 1
26086.9, 0
26125.1, 1
26125.6, 0
26131.8, 1
26132.1, 0
26150.1, 1
26150.5, 0
26168.8, 1
26169.4, 0
26176.4, 1
26176.7, 0
26232.7, 1
26233.3, 0
26271.1, 2
26282.1, 1
26283.1, 0
26301.9, 2
26316.1, 1
26316.4, 0
26374.9, 1
26375.3, 0
26388.4, 1
26389.3, 0
26399.4, 1
26399.8, 0
26407.8, 1
26408.1, 0
26451.4, 2
26462.9, 1
26463.3, 0
26581.3, 1
26581.9, 0
26602.8, 1
26603.3, 0
26623.0, 2
26697.1, 1
26697.4, 0
26778.6, 1
26779.4, 0
26826.3, 2
26840.6, 1
26841.1, 0
26876.5, 2
26921.9, 1
26923.8, 0
26931.1, 1
26931.4, 0
26948.3, 1
26948.5, 0
27012.9, 1
27014.1, 0
27020.2, 1
27020.6, 0
27065.4, 3
27122.1, 2
27168.1, 1
27168.5, 0
27175.6, 2
27210.5, 1
27210.9, 0
27217.9, 1
27218.3, 0
27234.8, 1
27235.3, 0
27250.9, 1
27251.5, 0
27303.1, 1
27303.9, 0
27343.8, 2
27356.4, 1
27356.8, 0
27368.6, 1
27368.8, 0
27430.6, 2
27451.4, 1
27451.6, 0
27507.3, 1
27507.8, 0
27550.3, 2
27578.9, 1
27579.3, 0
27597.6, 2
27693.2, 1
27695.4, 0
27705.2, 1
27705.6, 0
27722.1, 1
27722.6, 0
27757.8, 1
27758.3, 0
27761.7, 1
27762.1, 0
27823.8, 2
27829.2, 1
27829.4, 0
27846.1, 1
27846.4, 0
27869.1, 1
27869.6, 0
27905.8, 1
27906.8, 0
27919.1, 1
27919.8, 0
28073.3, 2
28080.7, 1
28080.9, 0
28119.2, 1
28119.8, 0
28203.2, 3
28257.6, 2
28297.1, 1
28297.4, 0
28344.6, 2
28372.8, 1
28373.2, 0
28385.3, 1
28385.8, 0
28399.8, 1
28400.3, 0
28406.3, 1
28406.8, 0
28420.6, 1
28420.9, 0
28441.7, 1
28442.3, 0
28454.1, 1
28454.6, 0
28477.1, 1
28477.7, 0
28518.4, 1
28518.8, 0
28525.4, 1
28525.8, 0
28538.9, 1
28539.3, 0
28567.6, 1
28567.8, 0
28593.6, 1
28594.4, 0
28608.1, 1
28608.5, 0
28616.9, 1
28617.3, 0
28629.3, 1
28629.6, 0
28660.0, 1
28660.3, 0
28682.3, 1
28682.6, 0
28713.9, 3
28745.0, 2
28750.2, 1
28750.5, 0
28817.2, 2
28838.8, 1
28839.3, 0
28851.3, 1
28851.9, 0
28861.8, 1
28862.3, 0
28884.4, 1
28884.8, 0
28912.7, 1
28912.9, 0
28921.1, 1
28921.6, 0
28967.2, 2
28973.2, 1
28973.4, 0
29074.8, 2
29155.9, 1
29156.4, 0
29172.5, 2
29189.4, 1
29189.7, 0
29218.1, 1
29218.4, 0
29294.3, 4
29353.3, 3
29368.8, 2
29390.8, 1
29391.3, 0
29395.8, 1
29396.6, 0
29402.5, 1
29403.2, 0
29432.8, 1
29433.3, 0
29444.8, 1
29445.3, 0
29457.1, 1
29457.5, 0
29466.3, 1
29466.8, 0
29473.4, 1
29474.2, 0
29497.1, 2
29503.1, 1
29503.3, 0
29508.4, 1
29508.8, 0
29546.3, 3
29572.1, 2
29588.3, 1
29588.8, 0
29610.2, 1
29610.8, 0
29658.5, 2
29689.1, 1
29689.7, 0
29726.3, 1
29726.6, 0
29791.8, 2
29808.8, 1
29809.1, 0
29832.1, 2
29847.5, 1
29847.8, 0
29870.7, 1
29871.3, 0
29922.3, 2
29943.0, 1
29943.5, 0
29948.9, 1
29949.3, 0
29961.9, 1
29962.4, 0
29970.4, 1
29970.8, 0
29978.6, 2
30008.1, 1
30008.7, 0
30014.3, 2
30017.3, 1
30018.1, 0
30072.1, 1
30072.6, 0
30077.2, 1
30077.5, 0
30125.3, 2
30166.4, 1
30166.8, 0
30185.4, 1
30186.6, 0
30227.2, 1
30227.8, 0
30308.4, 2
30337.8, 1
30338.3, 0
30378.6, 2
30385.9, 1
30386.4, 0
30434.4, 2
30493.6, 1
30494.6, 0
30499.1, 1
30499.4, 0
30526.1, 1
30526.8, 0
30559.3, 1
30559.7, 0
30587.9, 1
30588.4, 0
30621.9, 1
30622.7, 0
30630.2, 3
30680.3, 2
30709.2, 1
30709.7, 0
30740.8, 1
30741.8, 0
30765.5, 1
30766.2, 0
30783.7, 2
30787.9, 1
30788.9, 0
30816.5, 2
30824.8, 1
30825.0, 0
30833.1, 1
30833.5, 0
30848.4, 1
30849.0, 0
30854.7, 2
30856.5, 1
30856.9, 0
30859.4, 1
30859.8, 0
30864.0, 1
30864.4, 0
30870.2, 1
30870.5, 0
30888.3, 1
30888.6, 0
30905.0, 2
30909.5, 1
30909.9, 0
30914.7, 1
30915.3, 0
30925.3, 2
30929.0, 1
30929.3, 0
30937.6, 1
30937.9, 0
30947.4, 1
30948.6, 0
30984.6, 1
30985.3, 0
30996.8, 2
31005.8, 1
31006.3, 0
31050.9, 2
31055.4, 1
31055.8, 0
31064.2, 1
31064.9, 0
31072.6, 3
31139.2, 2
31147.4, 1
31147.8, 0
31157.1, 3
31166.3, 2
31170.9, 1
31171.3, 0
31176.4, 2
31197.4, 1
31197.6, 0
31203.9, 2
31223.8, 1
31224.3, 0
31236.1, 4
31251.3, 3
31267.6, 2
31272.1, 1
31272.5, 0
31292.6, 3
31310.4, 2
31315.6, 1
31316.5, 0
31320.6, 1
31320.9, 0
31325.9, 1
31326.5, 0
31328.4, 1
31328.8, 0
31332.9, 1
31333.3, 0
31336.8, 1
31337.4, 0
31434.8, 2
31446.8, 1
31447.1, 0
31458.5, 1
31458.9, 0
31462.8, 1
31463.2, 0
31477.4, 2
31484.1, 1
31484.5, 0
31509.3, 1
31509.8, 0
31515.8, 1
31516.1, 0
31538.1, 1
31538.4, 0
31556.1, 2
31565.4, 1
31565.9, 0
31579.4, 1
31579.7, 0
31620.8, 1
31621.3, 0
31627.9, 1
31628.4, 0
31633.6, 1
31634.1, 0
31702.5, 2
31706.9, 1
31707.6, 0
31713.1, 8
31720.3, 7
31778.9, 6
31795.1, 5
31813.6, 4
31821.6, 3
31828.7, 2
31834.1, 1
31834.5, 0
31839.8, 1
31843.4, 0
31855.4, 1
31856.2, 0
31866.2, 1
31866.7, 0
31870.3, 2
31879.4, 1
31879.9, 0
31887.1, 1
31889.1, 0
31894.4, 1
31896.5, 0
31901.8, 1
31902.3, 0
31907.8, 1
31908.6, 0
31914.3, 1
31914.5, 0
31926.6, 1
31927.1, 0
31931.9, 1
31932.4, 0
31941.8, 1
31942.2, 0
31948.9, 1
31949.3, 0
31955.8, 1
31956.1, 0
31963.6, 1
31964.1, 0
31973.3, 1
31973.6, 0
31976.6, 2
31981.3, 1
31982.2, 0
32006.6, 1
32007.4, 0
32028.8, 3
32142.1, 2
32166.2, 1
32166.5, 0
32173.1, 2
32178.0, 1
32178.3, 0
32186.1, 1
32186.5, 0
32196.8, 2
32200.3, 1
32200.5, 0
32210.0, 1
32210.4, 0
32220.3, 1
32220.4, 0
32227.1, 2
32230.7, 1
32230.9, 0
32256.8, 4
32264.3, 3
32272.8, 2
32286.5, 1
32287.3, 0
32291.9, 2
32295.4, 1
32295.8, 0
32303.3, 2
32308.4, 1
32308.9, 0
32314.4, 1
32314.9, 0
32317.4, 1
32318.1, 0
32323.6, 1
32326.1, 0
32332.3, 1
32332.7, 0
32335.6, 1
32335.8, 0
32338.1, 1
32338.4, 0
32344.2, 1
32344.6, 0
32349.2, 1
32349.9, 0
32352.1, 1
32352.4, 0
32363.3, 1
32363.6, 0
32368.4, 1
32368.9, 0
32371.2, 1
32371.8, 0
32381.9, 1
32382.6, 0
32386.3, 1
32386.8, 0
32401.1, 1
32401.5, 0
32409.8, 2
32413.8, 1
32414.1, 0
32424.1, 1
32424.6, 0
32441.4, 2
32447.2, 1
32448.1, 0
32457.3, 2
32464.8, 1
32465.1, 0
32603.9, 2
32613.3, 1
32613.8, 0
32620.1, 2
32628.6, 1
32628.9, 0
32634.5, 1
32635.2, 0
32643.2, 1
32643.7, 0
32654.6, 1
32654.9, 0
32657.3, 1
32657.5, 0
32662.9, 2
32665.3, 1
32665.6, 0
32673.7, 1
32674.2, 0
32676.6, 1
32676.9, 0
